Date,Category,User,Email,First Message,Session ID,Sentiment,Sentiment Score
2026-01-15 17:00,Greetings,visitor105832,,Καλησπερα,session_e1a10faa-d349-45e5-b30b-5f5fab94b16a,Neutral,0.0
2026-01-13 14:59,Units,visitor105628,,καλησπέρα δεν βρίσκω το τεμάχιο στις μονάδες μετρήσεις,session_dfbc10dc-3fc4-4f97-9641-845617334951,Neutral,0.0
2026-01-12 20:54,Greetings,visitor105568,,testing fouk,session_9582514d-c80d-471a-9e86-4c05ad9e15f8,Neutral,0.0
2026-01-11 22:55,Error,visitor105502,,"υπάρχει θέμα με την κοστολόγηση π.χ. 250g ποσότητα χ 0,02 /g βγάζει 9,09 ενώ είναι 5,00",session_20902d85-29fc-428a-beaa-a3935146e0cd,Neutral,0.0
2026-01-10 19:05,Billing,visitor105480,,Θέλω να γράψω το κόστος αλα δεν με αφήνει,session_eb49f918-bcc1-4ddd-af88-97dd62ed5073,Neutral,0.0
2026-01-06 17:06,Error,visitor105287,,"καλησπέρα, μόλις έφτιαξα τον λογαριασμό μου και δεν με αφήνει να συνδεθώ λέει ότι ο κωδικός ή το email είναι λάθος. Άλλαξα 3 φορές τον κωδικό και πάλι μου λέει ότι είναι λάθος...",session_7c97a104-2a90-43e1-9080-5de0467218cc,Neutral,0.0
2025-12-20 16:12,Other,visitor104745,,ειστε μεσα να επικοινωνησω,session_437586c9-fc1b-4599-b38f-ba68f923f7a2,Neutral,0.0
2025-12-10 12:50,Usage,visitor104250,,καλησπέρα.  πως μπορώ να εκτύπωση τις κατηγορίες προϊόντων μου?,session_b813aada-99a0-4e0e-98ae-b1c34670ad71,Neutral,0.0
2025-12-09 18:52,Access,visitor104200,,Κσλησπέρα. Πώς στέλνω μια συνταγή μου σε email?,session_fea0454e-8b19-4056-9b87-e5fc7a4dee4f,Neutral,0.0
2025-12-04 16:22,Error,visitor103925,,"καλησπέρα σας , προσπαθώ να συνδεθώ και δεν με αφήνει μπορείτε να με βοηθήσετε ;",session_48c7f24a-7fca-436d-b0fd-c575fccddc5d,Neutral,0.0
2025-12-01 14:10,Other,visitor103775,,θέλω να κοστολογηήσω μπουφέ 10 θέσεων σε ξενοδοχείο,session_84381854-56b2-47ff-998d-1fb6eea07e81,Neutral,0.0
2025-11-24 09:18,Usage,visitor103454,,Καλημέρα θέλω να κατεβάσω το πρόγραμμα δωρεάν και δεν με αφήνει γιατί,session_71ca3029-dc4c-4a05-bf60-3b10b65751a3,Neutral,0.0
2025-11-21 15:24,Greetings,visitor103329,,Is it possible to change the currency to Philippine peso?,session_8cac81f4-d2e2-4363-b7a9-ef5b536a9707,Neutral,0.0
2025-11-14 11:16,Recipe,visitor103033,,good morning i have my recipes on csv file format can your app load them ?,session_923f72e3-2edf-4356-9b3d-cdca2a29564a,Positive,0.7
2025-11-05 15:43,Error,visitor102745,,καλησπέρα έχω κάνει εγγραφή κι δεν με συνδέει μήπως έκανα κάτι λάθος,session_e440fcfe-f9ae-4fa2-9a30-5b9ee87d7de1,Neutral,0.0
2025-10-28 02:26,Error,visitor102444,,Στις αναφορες >συνταγες μου βγαζει κοστος παρασκευης σε ποσοστο αλλα οταν το περναω στο excel δεν το εμφανιζει καν,session_6f646e9c-a8c2-4a88-a8c9-9555d8dd7870,Neutral,0.0
2025-10-27 18:05,Billing,visitor102423,,ΘΕΛΩ ΝΑ ΓΡΑΦΕΙ ΔΙΠΛΑ ΣΤΑ ΣΤΑΤΙΣΤΙΚΑ ΤΗΝ ΤΙΜΗ ΠΟΥ ΕΧΩ ΟΡΙΣΕΙ ΣΤΟ ΚΑΘΕ ΣΥΣΤΑΤΙΚΟ,session_bd2fd676-af96-420f-9427-fcba32bfe09e,Neutral,0.0
2025-10-24 15:43,Greetings,visitor102337,,καλησπερα.,session_ebe0f8e2-0f75-4676-ab59-54a44be7f2c6,Neutral,0.0
2025-10-23 15:34,Billing,visitor102296,,πως μπορει να μου εμφανιζετε εκτος απο το ποσο του κοστους αριθμο αλλα και επι τις 100(%) ;;,session_d34e0fd7-8cbb-40f2-b6a4-e1e539abe76b,Neutral,0.0
2025-10-14 19:36,Error,visitor101954,,Καλησπερα σας,session_d2954f82-9762-4b35-96b1-7f80d731ced0,Neutral,0.0
2025-09-24 12:31,Other,visitor101219,,"на почту не пришло подтверждение, как зарегестрироваться?",session_4ed3c0c3-46d2-4163-a8d3-9bb5981e2a89,Neutral,0.0
2025-09-13 15:23,Usage,visitor100842,,пустой excel,session_21adffbe-5ab8-4603-aa10-0b247f423ebc,Neutral,0.0
2025-09-08 19:09,Greetings,visitor100629,,καλησπερα. θα ηθελα να ρωτησω εαν υπαρχει καποια επιλογη οσο αναφορα τα συστατικα να τα δω καπου ολα μαζι ή ισως να τα εκτυπωσω και να γραφει τιμες στα προιοντα,session_8477bb58-7827-4b2b-91a5-4a007c2ec825,Neutral,0.0
2025-09-05 16:12,Billing,visitor100513,,"Hello!  I want to enter the products I have purchased (with prices, quantities, and purchase dates) into the app. Could you please tell me how to do this? Additionally, I would like to know how to record sales.",session_72ae42a5-98c1-4a7d-be71-9a5b7b4b92f4,Positive,0.16
2025-09-05 15:22,Error,visitor100512,,these are the only ones I have,session_77467a7f-d4fa-4af8-a184-0f16b9961a94,Positive,0.1
2025-07-14 21:33,Greetings,visitor99072,,"καλησπέρα, υπάρχει δυνατότητα φόρτωσης συστατικών για να περάσω εγώ μετά τιμές προμηθευτών; Αν όχι πρέπει να τα περάσω ενα ένα;",session_594ea438-7064-4573-aec0-f702475170b5,Neutral,0.0
2025-07-07 17:26,Billing,visitor98830,,καλησπερα,session_f7c14e02-ad5d-4504-abee-39602ddca89e,Neutral,0.0
2025-06-26 14:59,Access,visitor98549,,Γειά σας. θα ήθελα να ρωτήσω πως μπορώ να αλλάξω το mail μου μέσα στο πρόγραμμα διοτί αυτό που είναι περασμένο δεν υπάρχει πλέον και δεν μπορώ καν να εχω πρόσβαση σε αυτό,session_1a8e1481-b20f-4d98-bd22-a4de39db7707,Neutral,0.0
2025-06-23 16:45,Usage,visitor98419,,ΘΕΛΩ να κάνω μαζική εξαγωγή συνταγών σε excel από το iPhone,session_87dd5d50-83ab-4ddc-b1d1-8a05bd4d1dfe,Neutral,0.0
2025-06-17 20:29,Other,visitor98198,,kalhspera,session_ccb94e4d-866c-46f6-97c1-8f2a2a993355,Neutral,0.0
2025-06-05 22:02,Billing,visitor97774,,Θα ήθελα να κάνω ανανέωση,session_bcea907b-9e60-4c5c-b506-4437b565e97f,Neutral,0.0
2025-06-03 12:16,Other,visitor97655,,θελω να χρησιμοποιήσω  το begginer,session_35581ad7-2397-4c37-8677-3cd858c9d87d,Neutral,0.0
2025-06-01 20:15,Usage,visitor97606,,καλησπέρα δεν μπορώ να μπω,session_635c2957-86a1-4da2-be55-235b009615da,Neutral,0.0
2025-05-31 16:26,Other,visitor97561,,den mporo na patisw epanw stis suntages,session_b826e332-2df1-470d-a4c6-3f201078f8e1,Neutral,0.0
2025-05-30 15:30,Usage,visitor97523,,πὼς καταχωρείται η συνταγή;,session_a3ff81b5-29a2-4a1e-b883-1fcaf4a071ae,Neutral,0.0
2025-05-20 11:19,Billing,visitor96991,,"καλημέρα , το τιμολόγιο πληρωμής πότε θα σταλθεί στο μέιλ ;",session_2acd37c6-2b25-4a2d-a85c-15614952c287,Neutral,0.0
2025-05-19 20:31,Other,visitor96960,,αλλαγή κωδικού,session_eea756f9-68b2-4ca3-a83c-0ccfc8d14b5b,Neutral,0.0
2025-05-18 10:17,Error,visitor96863,,"καλημερα , εχω φτιαξει μια υποσυνταγη ( κιμάς μιξ γάμου ) . Ενω τα γραμμαρια είναι σωστά στην τελική συνταγή μου βγάζει ένα αποτέλεσμα foodcost 442 ευρω για ένα μίνι burger .",session_ae63fc3b-8829-45ca-a6ea-d6106fd777f6,Neutral,0.0
2025-05-14 21:53,Error,visitor96689,,προσπαθώ να διαλέξω πρόγραμμα αλλά μου βγάζει λαθη,session_2ec8a67d-ac6f-4c82-b55e-7acf9ff04087,Neutral,0.0
2025-05-09 14:05,Greetings,visitor96442,,hello,session_d1746fa5-5845-42dd-afa5-2914d5b67e9c,Neutral,0.0
2025-05-06 10:42,Usage,visitor96266,,Καλημέρα,session_576d2732-c62f-4aa9-832e-80ae0f284fbb,Neutral,0.0
2025-04-25 09:13,Error,visitor95659,,"καλημέρα, προσπαθώ να κάνω είσοδο και δεν με αφήνει, ενώ έχω κάνει λογαριασμό οταν παω να κάνω είσοδο μου λέει λάθος κωδικος",session_e5e8e4d5-ed68-46eb-a872-063753d666fa,Positive,0.62
2025-04-23 13:23,Billing,visitor95550,,καλησπέρα σας - ήθελα να ρωτήσω αν μπορώ να ανεβάσω ένα αρχείο excel με τα προιόντα μου για bulk upload,session_d9ca450d-778c-458a-8b17-6e76b7611e9d,Neutral,0.0
2025-04-22 22:35,Error,visitor95515,,"μήπως είδατε το πρόβλημα με τις ""αλλαγές"" των συνταγών;",session_ff812cb4-de8a-4d78-864a-481024a9dab9,Neutral,0.0
2025-04-20 09:49,Error,visitor95396,,Χριστός Ανέστη και Χρόνια Πολλά,session_3d91a969-3b91-4959-8c34-a3318009e57b,Neutral,0.0
2025-04-17 14:22,Usage,visitor95306,,καλησπέρα σας,session_044a3078-de1f-4427-8f38-5daedc70fbde,Neutral,0.0
2025-04-15 17:39,Billing,visitor95193,,hello,session_4e7a17e0-1b67-491d-87d3-08d84a72adc5,Positive,0.5
2025-04-06 17:22,Access,visitor94655,,"Καλησπέρα, μπορώ να ανανεώσω για ένα μήνα καπος;, γιατί περιμένω να ξεκινήσω σεζόν για να πληρωθώ,και να κάνω ετήσια συνδρομή .",session_c29c92f7-9df0-4be1-a5b7-f72fe81158ec,Neutral,0.0
2025-03-29 20:50,Error,visitor94241,,καλησπέρα σας,session_55c2146a-90ec-4378-901b-97c4f33ebbd7,Neutral,0.0
2025-03-28 12:52,Error,visitor94150,,Καλησπερα.ερωτηση λίγη η συνδρομή μου την Κυριακή και αυτή την στιγμή δεν μπορώ να την ανανεώσω. θα την κάνω την ανανέωση δεύτερα η τρίτη..υπάρχει περίπτωση να χαθούν τα αρχεία μου?,session_0da969fe-4971-423c-8d54-ba4dfc763820,Neutral,0.0
2025-03-22 15:36,Usage,visitor93906,,"πως θα μπορούσα στην επιλογή μερίδες να βάζω δεκαδικό αριθμό; να είναι 2,5 μερίδες πχ",session_54ed8948-747e-4053-b9e5-37621fa7526b,Neutral,0.0
2025-03-19 21:54,Access,visitor93762,,δεν μου εχει ερθει ακομη το mail ενεργοποιησης,session_839423a3-2623-422a-a77e-cb11bb2025c9,Positive,0.5
2025-03-19 18:47,Access,visitor93754,,I didn't receive the activation email,session_a6d1b7f1-d1dc-400b-9eea-8b082c8ae5f6,Neutral,0.0
2025-03-18 16:04,Billing,visitor93683,,κωδικο προσφορας,session_fa5c841f-547a-47f1-8325-8a5093e4ead7,Neutral,0.0
2025-03-17 22:25,Other,visitor93654,,kalispera sas thelo na dokimaso to premioum paketo gia 6 mines na dwn an m kani,session_2ec2a49a-b021-489a-8617-7a94e210a890,Neutral,0.0
2025-03-04 14:21,Error,visitor93056,,Καλησπέρα σας. Χρησιμοποιώ την πλατφόρμα σας πολλά χρόνια τώρα αλλά τον τελευταίο μήνα αντιμετωπίζω πάρα πολλά προβλήματα με καθυστερήσεις όταν αποθηκεύω κάτι ή ψάχνω ένα υλικό. Αργεί πάρα πολύ κάποιες ώρες.,session_c23c817f-8f9d-440d-96d2-1192bfcc5dff,Neutral,0.0
2025-03-03 21:35,Access,visitor93040,,ΚΑΛΗΣΠΕΡΑ ΣΑΣ ΠΡΟΣΠΑΘΒ ΑΠΟ ΤΟ ΑΠΟΓΕΥΜΑ ΝΑ ΚΑΝΩ ΑΠΟ ΔΙΑΦΟΡΕΤΙΚΕΣ ΚΑΡΤΕΣ ΑΓΟΡΑ ΤΟΥ ΠΑΚΕΤΟΥ ΤΩΝ 90 ΕΥΡΩ ΚΑΙ ΔΥΣΤΥΧΩΣ ΔΕΝ ΓΙΝΕΤΑΙ ΝΑ ΚΑΝΩ ΑΓΟΡΑ ΤΟΥ ΠΑΚΕΤΟΥ.ΑΝ ΜΙΛΑΩ ΜΕ ΤΟΝ ΚΥΡΙΟ ΑΝΤΩΝΗ ΕΙΜΑΙ Ο ΚΩΝΣΤΑΝΤΙΝΟΣ Ο ΧΑΛΟΥΛΑΚΟΣ Ο ΦΙΛΟΣ ΤΟΥ ΙΩΣΗΦ ΠΟΥ ΕΙΧΑΜΕ ΣΥΝΕΡΓΑΣΤΕΙ ΣΤΑ ΙΕΚ(ΕΙΧΑ ΤΟ ΤΜΗΜΑ ΤΩΝ ΜΑΓΕΙΡΩΝ ΜΕΤΑ ΤΟΝ ΔΙΩΝΥΣΗ).ΑΝ ΥΠΑΡΧΕΙ ΚΑΠΟΙΟΣ ΑΛΛΟΣ ΤΡΟΠΟΣ ΑΓΟΡΑΣ ΤΟΥ ΠΑΚΕΤΟΥ ΠΑΡΑΚΑΛΩ ΣΤΕΙΛΤΕ ΜΟΥ ΕΝΑ ΜΕΙΛ ΣΤΟ hodrini@gmail.com ευχαριστω παρα πολυ,session_2a848f3f-e3a4-4488-a3f1-20b62ca6e1b5,Neutral,0.0
2025-02-14 11:48,Greetings,visitor92306,,ΚΑΛΗΣΠΕΡΑ,session_61018b30-9d3c-433d-ae58-c042662b7813,Neutral,0.0
2025-02-04 00:57,Greetings,visitor91876,,καλησπέρα,session_04844097-5e5c-4ee4-8e36-cf7e486616df,Neutral,0.0
2025-01-30 18:33,Greetings,visitor91690,,"καλησπερα σας, το site σας δεν μου φορτωνει",session_c04df1f6-254b-4d67-a2cf-b1ba3a75d8f4,Positive,0.7
2025-01-30 16:08,Billing,visitor91634,,"Καλησπερα , εχουμε αγορασει το costmenu το μεγαλο πακετο , θα θελαμε να μιλησουμε τηλεφωνηκα για καποιεσ επεξυγησεις . Το τηλεφωνο μου ειναι 6974060932 ή στειλετ μου ενα τηλεφωνο να επικοινωνησω εγω μαζι σασα",session_f106c2ed-5b95-43ef-810a-9adbb7cc5b0d,Neutral,0.0
2025-01-24 01:50,Error,visitor91280,,υπάρχει προβλημα στην σύνδεση?,session_802f6a0f-9d85-43c5-bc07-2324dcf321df,Neutral,0.0
2025-01-22 16:41,Billing,visitor91171,,i write the recipe and evrything and when im going to put prices it doesnt save anything,session_5fb968dc-b47b-4743-b2e9-ecd35e7aa193,Neutral,0.0
2025-01-21 13:33,Recipe,visitor91094,,καλησπέρα .όταν πάω να φτιάξω ένα καινούργιο μενού δεν με αφήνει να γράψω το όνομα μιας καινούργιας συνταγής,session_a77cbb8a-b7c4-47b8-b779-14dc1ce74831,Neutral,0.0
2025-01-14 18:40,Access,visitor90768,,διαγραφη λογαρισμου,session_833c0e9d-c47f-44bb-a0b6-c4f512ecbc30,Neutral,0.0
2025-01-14 11:08,Billing,visitor90729,,how to put the ingredients cost?,session_dd8fe467-42bc-4c4e-9ceb-647bc45c0c1a,Neutral,0.0
2025-01-04 12:27,Billing,visitor90387,,Καλησπέρα σας και Καλή Χρονιά.,session_5be9296d-8e6d-4352-ae95-a81ec1197d34,Neutral,0.0
2024-12-20 12:14,Greetings,visitor90076,,καλησπέρα σας και χρόνια πολλα,session_46e52f28-6783-4b0e-bfd9-db4abb8e0f0f,Neutral,0.0
2024-12-12 12:53,Error,visitor89752,,καλημέρα σας,session_55e96a4a-cfaf-46a8-9e15-e1f9ff85e475,Neutral,0.0
2024-12-10 13:50,Other,visitor89649,,δεν με αφηνει να συνδεθω παρ ολο που παταω κωδικο και αλλαξα κωδικομ,session_e499f2b6-cf62-4af4-b850-4986e53b432d,Neutral,0.0
2024-12-02 02:15,Error,visitor89284,,"καλημερα σας, προσπαθω να ανοιξω τη σελιδα με τη λιστα των συστατικων και εων εχω κοντα στα 200 συστατικα περμασενα δυστυχως δεν ανοιγει κατι",session_608fad0e-8fd7-4295-9c2b-bd9a3aa378a5,Neutral,0.0
2024-11-29 00:37,Access,visitor89176,,I made an account today,session_53dfd572-2ba2-45d1-a929-64309d9c59b1,Neutral,0.0
2024-11-28 13:11,Usage,visitor89132,,δεν μπορώ να συνδεθώ έπειτα από την εγγραφή μου,session_48e0310b-9503-4e3a-bb81-e537522922cf,Neutral,0.0
2024-11-23 15:08,Other,visitor88954,,δεν μου ανοίγει η εφαρμογή,session_891796e2-e1c0-486e-817d-270a9d1e78e0,Neutral,0.0
2024-11-19 23:06,Usage,visitor88820,,"Καλησπέρα, στην προσθήκη συνταγής μπορώ να γράψω την συνταγή στα αγγλικά? Γιατί το σύστημα δεν το περνάει και δεν μπορώ να προχωρήσω...",session_bba3f719-6fa0-4a34-9052-744f431dc508,Neutral,0.0
2024-11-18 17:57,Usage,visitor88762,,"καλησπέρα σας. Επειδή δουλεύαμε την κοστολόγηση μέσω excel  υπάρχει κάποιος τρόπος  γρήγορου Data entry σε προμηθευτές, συστατικά?",session_1da2635d-9681-42f3-a899-39b5ef7b6276,Positive,0.5
2024-11-13 21:58,Error,visitor88562,,Καλησπερα,session_782b811b-c46d-439b-bf70-6efb78ade1e7,Neutral,0.0
2024-10-28 21:35,Greetings,visitor87966,,hi,session_87e403f2-b3a6-4dbe-8a48-8c28a1d02ef9,Neutral,0.0
2024-10-25 16:10,Error,visitor87845,,καλησπέρα,session_c888609f-9543-4a66-8c32-337376af0723,Neutral,0.0
2024-10-19 10:11,Billing,visitor87551,,καλησπερα σασ στην αρχη επελεξα το προφεσιοναλ αλλα συνδεθηκα και πρην προχορισω αγορα πακετου θελω να το δωκιμασω προτα με το μπιγκινερ αλλα δεν με αφηνη μπωρειτε να το φτιαξετε,session_37ee4204-a83c-4995-baa7-4ed9af7b9cb6,Neutral,0.0
2024-10-14 21:42,Usage,visitor87379,,Can I save my recipes in PDF?,session_04e20287-2d7c-4df6-9bce-f21620afb2ca,Neutral,0.0
2024-10-02 22:51,Usage,visitor86968,,καλησπέρα σας,session_f67f2872-09c1-4d69-bf1e-e3342fca11bc,Neutral,0.0
2024-09-29 13:12,Usage,visitor86833,,ΠΩΣ ΚΑΤΑΧΩΡΩ ΝΕΟ ΠΡΟΜΗΘΕΥΤΗΣ,session_074a3414-e342-4105-87b4-306a346d065e,Neutral,0.0
2024-09-28 17:24,Greetings,visitor86811,,καλησπερα,session_cdaa09e1-8d75-4738-9746-d33c1b2b7865,Neutral,0.0
2024-09-21 13:17,Access,visitor86534,,Καλησπέρα μπορώ να σας κάνω μια ερώτηση παρακαλώ?,session_c7f4e4ec-aeb4-4ecf-9a9a-185bdffe4ffd,Neutral,0.0
2024-09-12 21:49,Billing,visitor86231,,Πως μπορώ να επεξεργαστώ το κόστος μιας συνταγής,session_db2b2b97-8a50-4260-8784-a19994085406,Neutral,0.0
2024-09-10 15:18,Greetings,visitor86132,,καλησπερα σας,session_e8755580-d029-49e7-8a82-e0de300a1017,Neutral,0.0
2024-09-09 14:07,Billing,visitor86093,,καλημέρα σας και καλή εβδομάδα,session_5d1e6c3e-ffb0-4ba2-bdbd-a1ea2d0e3c2e,Neutral,0.0
2024-09-05 16:51,Greetings,visitor86003,,"ΚΑΛΗΣΠΕΡΑ, ΕΧΩ ΜΙΑ ΕΡΩΤΗΣΗ ΣΧΤΙΚΑ ΜΕ ΤΟ ΠΡΟΓΡΑΜΜΑ\",session_1945b667-4911-43d9-8eb1-13dedc524798,Neutral,0.0
2024-08-28 16:32,Usage,visitor85789,,που μπορώ να συμπληρώσω την επαγγελματική μου ιδιοτητα,session_c02e17d8-a694-43b2-8bb0-bbb3fb5f8f7e,Neutral,0.0
2024-08-27 13:57,Other,visitor85747,,μπηκα απο google chrome,session_ef0af9f6-b863-49c2-8acc-ba01029e0cac,Neutral,0.0
2024-08-27 12:57,Error,visitor85736,,πατάω soya,session_1613e49e-50a5-4709-a8ea-5cae1f4ebc05,Neutral,0.0
2024-08-09 02:42,Billing,visitor85266,,"βαζω την τελικη τιμη καταλογου οριζω και την τιμη πωλησης χωρις φπα αλλα ο συντελεστης φπα γραφει επιλογη και δεν αλλαζει.παταω αποθηκευση και δεν αποθηκευει την τιμολογηση παρα μονο την κοστολογηση,",session_bf27e6f8-f7a3-4311-85e1-5441344b74d9,Neutral,0.0
2024-07-27 12:54,Usage,visitor84927,,πώς μπορώ να δω τις αρχειοθετημενες συνταγες,session_db4c1b0c-f21b-40ce-a99f-fce44956c67e,Neutral,0.0
2024-07-15 17:36,Error,visitor84607,,"Καλησπέρα σας, έκανα πριν λίγο εγγραφή, η οποία ολοκληρώθηκε με επιτυχία, αλλά δεν μπορώ να συνδεθώ με το email και τον κωδικό πρόσβασης. Μου εμφανίζει μήνυμα "" Tο email ή ο κωδικός πρόσβασης είναι λάθος.''",session_5359e7fa-2606-492e-bfcf-251525d72a8a,Neutral,0.0
2024-07-04 20:01,Greetings,visitor84283,,καλησπέρα . προσπαθουμε να συνδεθουμε με τους κωδικους μας αλλα δεν γινεται εδω και αρκετες μερες,session_190a5499-f35e-425a-b59d-122ad41870af,Neutral,0.0
2024-06-23 13:35,Greetings,visitor83882,,καλησπερα,session_bae51359-9433-424b-8e5f-a2b441d9ab54,Neutral,0.0
2024-05-30 16:06,Other,visitor82961,,Παρακαλώ επικοινωνήστε άμεσα μαζί μου,session_0ed9388c-efc0-4acd-ad31-df27faf2b698,Neutral,0.0
2024-04-23 01:58,Other,visitor81188,,den .e vazi,session_fed89e41-b4dc-475b-8092-3f033196c605,Neutral,0.0
2024-04-08 15:30,Access,visitor80340,,Καλησπερα σας. Προσπαθω να μπω με τους κωδικους μου και δεν μπορει να γινει η συνδεση. Δειχνει οτι παει να συνδεθει αλλα με πεταει πάλι στο παραθυρο για να βαλω τους κωδικους,session_de086744-8d5a-40fe-b59a-acc13d7c63eb,Neutral,0.0
2024-04-03 10:38,Access,visitor79965,,Καλημέρα θα μπορούσατε να μου στείλετε την απόδειξη για την ανανέωση τς σύννομης?,session_9637cc42-485b-4373-bece-0ea69eee6696,Neutral,0.0
2024-03-28 23:40,Usage,visitor79725,,δεν μπορω να συνδεθω στο προγραμμα,session_788c26cf-767c-46c2-9c1f-886b67d67aad,Neutral,0.0
2024-03-28 11:00,Usage,visitor79674,,ΚΑΛΗΜΕΡΑ,session_114b67b8-de6d-4407-aed8-01a0fd8b0c26,Neutral,0.0
2024-03-20 10:21,Error,visitor79308,,ΚΑΛΗΜΕΡΑ.ΕΧΩ ΕΝΑ ΠΡΟΒΛΗΜΑ ΑΠΟ ΕΧΘΕΣ .ΔΕΝ ΦΟΡΤΩΝΕΙ ΤΟ ΠΡΟΓΡΑΜΜΑ ΚΑΙ ΔΕΝ ΜΟΥ ΒΓΑΖΕΙ ΚΑΤΗΓΟΡΙΕΣ ΚΛΠ.ΚΟΛΛΑΕΙ ΣΤΟ ΣΗΜΕΙΟ ΠΟΥ ΦΟΡΤΩΝΕΙ.,session_bcc75ee3-97fa-46b6-8283-0e5bc3f5a9fe,Neutral,0.0
2024-03-19 13:28,Error,visitor79269,,καλημερα υπαρχει καποιο προβλημα? αργουν να φορτωσουν οι σελιδες,session_4e6bfed1-0508-4ccd-a46e-b33a5bfc0e91,Neutral,0.0
2024-03-19 09:41,Usage,visitor79255,,καλημέρα,session_435e59ac-22f9-48b7-846a-543d8c3c95c8,Neutral,0.0
2024-03-15 18:14,Usage,visitor79135,,Kαλησπέρα σας..Υπάρχει δυνατότητα να κλείσουμε ένα ραντεβού για να έρθετε στον χώρο μας να μας δείξετε απο κοντά πως ακριβώς λειτουργεί?,session_4fbb0a7d-6032-40e1-b8c7-ee599aae6717,Neutral,0.0
2024-03-08 15:46,Other,visitor78704,,Ρε παιδια φτιαξτε το site,session_d51b3efb-acce-4fc5-aac9-b3ce46ae89f0,Neutral,0.0
2024-03-03 20:46,Billing,visitor78412,,"καλησπερα μολις εκανα εγγραφη στο site.
Εχω επιλεξει Beginner δεν μου το αποδεχεται.
Στις ειδοποιησεις του λογαργιασμο μου υπαρχει  το μυνημα, Η συνδρομη σας εχει ληξει",session_1bbf9e47-e715-4746-8377-aec977d26542,Positive,0.44
2024-02-28 14:16,Error,visitor78221,,καλησπερα σας,session_1dd78a5a-6b1a-4870-84c3-d47acf9fb661,Neutral,0.0
2024-02-16 10:10,Billing,visitor77545,,ΚΑΛΗΜΕΡΑ,session_00a1c9f0-4662-4d5a-abe4-e75866c90080,Neutral,0.0
2024-02-15 16:49,Error,visitor77515,,καλησπέρα σας,session_524cb910-e0be-4fd4-ab5b-f241ac108de2,Neutral,0.0
2024-02-13 13:14,Access,visitor77382,,"good morning, I cant reset my password :(",session_3e85e2e9-80f6-4a54-a6fa-0c4124035e72,Positive,0.14
2024-02-08 15:09,Other,visitor77105,,θα ήθελα να εμφανίσω την εφαρμογή στο κινητό μου και στο laptop χωρίς να μπαίνω στο google .,session_3ec3aeae-0d81-4248-94d0-dd44eff9472f,Neutral,0.0
2024-02-07 18:53,Access,visitor77065,,καλησπερα δημιουργησα λογαριασμο νε το mail Nikos.lampad@gmail.com αλλα δεν μπορω να συνδεθω για να δοκιμασω την εφαρμογη σας,session_0764ef7d-6471-4c2c-9744-8e024b9a87e9,Neutral,0.0
2024-02-07 01:08,Other,visitor77025,,THA EISAI STI HORECA?,session_43d1049b-fac0-4d80-8b22-e8c5e93fa060,Neutral,0.0
2024-02-04 23:25,Usage,visitor76883,,Καλησπερα σας που βλεπω τις αρχειθετημενες συνταγες?,session_d60e309a-d9fe-4d97-8d8d-58524fc64781,Neutral,0.0
2024-02-02 14:09,Units,visitor76804,,hallo,session_f0c8f960-5f20-4b23-99c7-8a38bfb1f6de,Neutral,0.0
2024-01-29 18:41,Greetings,visitor76589,,καλησπερα θελω να βγαλω κοστολογια μια coctail,session_ba0a32c2-0b30-4720-ac5d-2e38607f355e,Neutral,0.0
2024-01-26 11:48,Greetings,visitor76432,,"Καλησπέρα σας,",session_29c69664-8894-45bb-ad46-638dee46e564,Neutral,0.0
2024-01-24 10:52,Error,visitor76332,,ΚΑΛΗΜΕΡΑ!,session_1a9b8ab8-66ce-4d74-8f0f-0b8f9a9876c5,Neutral,0.0
2024-01-23 19:01,Error,visitor76318,,δεν μπορώ να συνδεθώ,session_32cc683e-9cae-4dd3-94f2-6dbb4c41bab6,Neutral,0.0
2024-01-22 16:53,Usage,visitor76223,,kals,session_6b52e565-a554-408d-bd3b-52de68fc005c,Neutral,0.0
2024-01-21 11:53,Billing,visitor76173,,ΘΕΛΩ ΝΑ ΔΙΟΡΘΩΣΩ ΤΙΜΗ ΣΤΗΝ ΚΟΣΤΟΛΟΓΗΣΗ,session_a10789af-259c-45a8-863a-4b45fe5a0a4a,Neutral,0.0
2024-01-20 21:30,Billing,visitor76164,,Γειά σας,session_c3c9add4-53ea-4600-9415-9a594a71d183,Neutral,0.0
2024-01-18 20:10,Billing,visitor76076,,"καλησπερα,
ποτε ληγει το πακετο μου για να το ανανεωσω?",session_690ff5c4-6922-4bbf-b6a8-b46f6508dcf7,Neutral,0.0
2024-01-17 11:25,Error,visitor76001,,ΚΑΛΗΜΕΡΑ. ΕΧΩ ΓΡΑΨΕΙ ΜΙΑ ΣΥΝΤΑΓΗ. ΜΟΥ ΒΓΑΖΕΙ ΚΟΣΤΟΣ ΚΑΝΟΝΙΚΑ. ΟΤΑΝ ΣΥΜΛΗΡΟΝΩ ΤΙΜΗ ΠΩΛΗΣΗΣ ΜΟΥ ΒΓΑΙΝΕΙ ΚΑΝΟΝΙΚΑ ΤΟ ΜΙΚΤΟ ΚΕΡΔΟΣ.  ΚΑΝΩ ΑΠΟΘΗΚΕΥΣΗ ΑΛΛΑ ΔΕΝ ΑΠΟΘΗΚΕΥΕΙ ΤΗΝ ΣΗΝΤΑΓΗ.,session_494ce5ae-f665-4f9b-9d48-aaf007f422c6,Neutral,0.0
2023-12-18 14:45,Usage,visitor75058,,πως μπορω να βγάλω απο τα αρχειοθετημένα μια συνταγη??,session_caff5d0b-837c-4879-be7a-82a2d0f5e01a,Neutral,0.0
2023-12-15 01:34,Error,visitor74918,,"Γεια σας. Θα ήθελα να αναφέρω ένα πρόβλημα που αντιμετωπίζω κοστολογώντας μια συνταγή μου. Ενώ έχω βάλει όλα τα υλικά και τα γραμμάρια για το κάθε υλικό αναλυτικά, όταν πάω να τα κοστολογήσω ενώ βάζω ποσό αγοράζω το κάθε προϊόν, δεν μου βγάζει την τελική κοστολόγηση. Δηλαδή δεν την περνάει καθόλου. Μπορείτε να με βοηθήσετε με αυτό?",session_1372ed2a-7476-4f62-9793-605d8a7b3cfa,Neutral,0.0
2023-12-13 07:52,Usage,visitor74846,,δεν μπορώ να κοστολογισω τα συστατικά,session_c0c7ee90-92fc-459b-b0ce-6c68f22a7514,Neutral,0.0
2023-11-22 12:10,Billing,visitor74024,,"Μία ερώτηση. Γιατί στα συστατικά δεν μπορούν να μπουν δεκαδικές τιμές?
Για παράδειγμα: Βάζω μία τεκίλα η οποία κοστίζει 17,55 προ ΦΠΑ ανά 700ml που είναι η φιάλη και δεν το αποδέχεται. Αποδέχεται μόνο το 18 ή το 17",session_e0d258e4-333b-4bb8-b3a7-fc161ea1da89,Neutral,0.0
2023-11-13 11:40,Greetings,visitor73520,,καλημέρα θα ήθελα να μιλήσω με κάποιον εκπρόσωπο .Ενα τηλέφωνο παρακαλώ. Ευχαριστώ πολυ.,session_3a25588b-0474-4fa7-aa3f-3c9a86d48d66,Neutral,0.0
2023-10-27 14:37,Error,visitor72888,,"καλησπέρα , σε καινούργια συνταγή ενώ έχω περάσει τις τιμές κανονικά μου βγάζει ένδειξη συστατικό χώρος κόστος με αποτέλεσμα να μην γίνετε σωστά η κοστολόγηση. πως μπορεί να διορθωθεί?",session_0c183d91-ef52-42b0-b29f-c6f7224a0faa,Neutral,0.0
2023-10-25 10:57,Recipe,visitor72792,,Καλησπέρα σας,session_66321368-9106-4882-b540-f03a3810b0db,Neutral,0.0
2023-10-19 15:08,Billing,visitor72543,,"Καλησπέρα σας, Μία ερώτηση. Στα Συστατικά στην τιμή αγοράς, Βάζω τιμή με ΦΠΑ ή χωρίς?",session_474cd390-7d12-417d-b649-a139eb203be6,Neutral,0.0
2023-09-14 17:10,Access,visitor71286,,"καλησπέρα σας μόλις έκανα ανανέωση συνδρομής στην εφαρμογή αλλά δεν με έχει συνδέσει, μπορείτε να με βοηθήσετε;",session_d99be674-338e-4c91-8c80-ab0b4ae83a5c,Neutral,0.0
2023-08-30 12:21,Other,visitor70797,,geia sas,session_38a49b3f-2130-428b-aeab-ac4bfffab30b,Neutral,0.0
2023-08-02 17:07,Error,visitor70101,,καλησπερα κανω 1 κοστολογιο σε 1 συνταγη και δεν μ βγαζει το τελικο ποσο,session_5c05a22e-e49f-4379-ada7-f6d0b2aeccd9,Neutral,0.0
2023-08-01 14:13,Greetings,visitor70062,,HELLO,session_531fc848-42be-430e-8cf5-96ed55f355c1,Neutral,0.0
2023-07-29 12:57,Other,visitor69995,,επιθυμώ διαγραφή του λογαριασμου,session_14867479-7af0-4933-b206-a35320c16dbb,Neutral,0.0
2023-07-23 13:50,Usage,visitor69801,,καλησπέρα σας,session_54e87db2-1119-4670-bb0d-b374d55f5d25,Neutral,0.0
2023-07-07 16:59,Access,visitor69322,,καλησπέρα σας,session_3ea785ac-abc2-4cf2-be08-ca4126e5e3d4,Neutral,0.0
2023-06-15 14:43,Usage,visitor68401,,"καλησπέρα, πως μπορώ να αλλάξω τον κωδικό μου;",session_f9f4c972-7fc7-40a8-9000-f5f4add632ba,Neutral,0.0
2023-05-22 16:15,Billing,visitor67011,,"καλησπέρα απο Κύπρο, για χώρες του εξωτερικού δεν χρεώνετε φπα, πως μπορούμε να το διευθετήσουμε;",session_2905f8cd-515c-46fd-83a2-aac5e9022702,Positive,0.32
2023-05-14 00:05,Usage,visitor66468,,Καλησπέρα γιατί δεν μπορώ να το δουλέψω ;,session_cab54a4c-62e2-4984-a9b2-c487f4864973,Neutral,0.0
2023-05-10 18:33,Other,visitor66206,,τι γινεται με το site,session_78ada895-dab0-43c5-a2d0-b374bf979d5f,Neutral,0.0
2023-05-10 10:20,Usage,visitor66154,,δεν μπορώ να συνδεθω,session_2ecc29d1-bc48-4146-b0da-c3a182b97a62,Neutral,0.0
2023-05-06 17:15,Access,visitor65883,,Καλησπερα σας!,session_1c791b3f-04b8-4f6f-8b9f-ea1267619491,Neutral,0.0
2023-05-06 16:22,Usage,visitor65876,,Πως μπορώ να δοκιμάσω ένα trial για να δω πως λειτουργεί η εφαρμογή;,session_0028e229-655a-4c8e-8f8d-98e91a1cfd24,Neutral,0.0
2023-05-03 11:07,Billing,visitor65565,,θελω το expert πακετο με μηνιαία συνδρομή γινεται?,session_988e9f04-3bae-4358-b914-2dbdef2482b1,Neutral,0.0
2023-04-27 23:57,Other,visitor65208,,..,session_f8ef83f4-cd0e-48c6-ad83-544d0ced251f,Neutral,0.0
2023-04-18 22:53,Error,visitor64522,,Καλησπέρα σας!!!Αντιμετωπίζω πρόβλημα πώς να εκτυπώσω την συνταγή μου,session_81b4c25c-4c5e-47d1-b7e9-13a80ea69754,Neutral,0.0
2023-04-18 16:39,Billing,visitor64505,,καλησπερα σας δεν εχω λαβει το τιμολογιο ακομα,session_414a407b-814b-4f08-8c09-62ce0010bb07,Neutral,0.0
2023-04-14 11:37,Greetings,visitor64353,,"καλήμερα! θα ηθελα να κανω απογραφη αποθήκης. εχω την δυνατότητά να επιλεξω συγκεκριμένα υλικα τα οποια θα τα εχω ως ξηρη αποθήκη, αποθηκη ημέρας και ψυγείου?",session_a7de7a8b-390c-4075-9819-ecdd078dfaf5,Neutral,0.0
2023-04-13 18:40,Billing,visitor64324,,καλησπέρα ! σχετικά με την κοστολόγηση μιας συνταγής αμα θελω να αλλάξω την τιμή ενός προϊόντος πως γίνετε ?,session_4f6909b3-c4e3-417b-8291-a24dfa37b651,Neutral,0.0
2023-04-13 04:45,Billing,visitor64292,,"καλησπέρα σας, μεταξύ άλλων είμαι σύμβουλος σε δύο μεγάλες επιχειρήσεις όσον αφορά το budgeting, το cost control και το περιοδικό fnl reporting. Υπάρχει κάποιος τρόπος να συνεργαστούμε εταιρικά και να προτείνω το application σας στους συνεργάατες μου; Αν ναι, πως μπορούν σε έναν λογαριασμό να έχουν πρόσβαση περισσότεροι του ενός χρήστη, ταυτόχρονα; Chef, controller, Bar κλπ;",session_cd8ad4f4-6b43-44ea-8900-9bd5f1c9c0a5,Neutral,0.0
2023-04-10 12:31,Usage,visitor64099,,"καλησπέρα , δεν μπορώ μα συνδεθώ στο λογαριαμο",session_8fab12da-15a2-46c5-b41d-9a319c79e59b,Neutral,0.0
2023-04-04 19:21,Error,visitor63661,,καλησπερα,session_b1543f41-ccd5-475f-8229-4ae3bb96ad11,Neutral,0.0
2023-04-03 13:21,Usage,visitor63530,,how to add recipes in menu,session_bc610049-5d90-434c-886f-e607541ec98f,Neutral,0.0
2023-04-03 12:01,Access,visitor63517,,i cannot log in,session_474205c6-b545-4429-a823-560e39859411,Neutral,0.0
2023-03-30 13:21,Error,visitor63240,,"ΚΑΛΗΣΠΕΡΑ ΣΑΣ! ΘΑ ΗΘΕΛΑ ΝΑ ΚΑΝΩ ΜΙΑ ΕΡΩΤΗΣΗ .ΕΧΩ ΠΕΡΑΣΕΙ ΚΑΠΙΕΣ ΣΥΝΤΑΓΕΣ ΟΠΟΥ Η ΜΟΝΑΔΑ ΜΕΤΡΗΣΗΣ ΣΤΗΝ ΑΡΧΗ ΕΙΧΕ ΠΕΡΑΣΤΕΙ ΛΑΘΟΣ, ΤΩΡΑ ΟΤΑΝ ΠΑΩ ΣΤΟ ΣΥΣΤΑΤΙΚΟ ΚΑΙ ΠΡΟΣΠΑΘΩ ΝΑ ΑΛΛΑΞΩ ΤΗΝ ΜΟΝΑΔΑ ΜΕΤΡΗΣΗΣ ΔΕΝ ΜΕ ΑΦΗΝΕΙ... ΤΙ ΘΑ ΜΠΟΡΟΥΣΑ ΝΑ ΚΑΝΩ",session_daaef680-d51d-4e3f-99d4-6e04b37f88a8,Neutral,0.0
2023-03-26 15:26,Units,visitor62915,,"Καλημερα θα μπορούσαμε να προβούμε σε ακύρωση της αναβάθμισης;
Δεν μου ήτανε ξεκάθαρο η χρέωση ως εφάπαξ ποσό και όχι σε μηνιαία χρέωση.
Ευχαριστώ εκ των προτέρων",session_300bf40d-8264-416c-b654-8006dfc006ec,Neutral,0.0
2023-03-23 19:29,Recipe,visitor62749,,καλισπερα,session_8a6eb392-d142-42d9-831a-0c2e1aa6c7b5,Neutral,0.0
2023-03-22 20:46,Access,visitor62670,,Kαλησπερα δεν μου ενεργοποιειται η εφαρμογη μεσω του συνδεσμου στο email,session_af8f0c4a-0738-43ac-9bc2-901ad24dddae,Neutral,0.0
2023-03-22 12:10,Other,visitor62631,,δεν με συνδέει,session_c13353f8-4051-46fa-a789-acee454e49a1,Neutral,0.0
2023-03-21 14:08,Access,visitor62547,,Καλησπέρα! ήθελα να ρωτήσω πως μπορούμε να δημιουργήσουμε ομάδα εργασίας με ενα συνάδελφο ώστε να βλέπουμε απο κοινού τα στοιχεία που ανεβάζουμε?,session_e5133508-ee04-4bae-91c0-7a00bdf33f1a,Neutral,0.0
2023-03-20 22:41,Access,visitor62484,,αποστολη κοστολογησης με email απευθειας,session_1248bddc-43b4-4008-9387-9d5514a5f9b1,Neutral,0.0
2023-03-18 12:20,Billing,visitor62285,,γιατί έχω αρνητικό  μεικτό κέρδος;,session_08e299f2-f217-45ea-b0db-9fb939b354f3,Neutral,0.0
2023-03-16 23:46,Billing,visitor62196,,"Καλησπέρα σας,μολισ έκανα αγορα το πακετο για expert.",session_56bf6544-eae5-4baf-8a8e-c5e3bce744bb,Neutral,0.0
2023-03-16 10:04,Greetings,visitor62145,,καλημέρα,session_b7b7562c-80a7-43ea-86a9-5ce022461551,Neutral,0.0
2023-03-10 13:29,Billing,visitor61708,,how can i renew my profile,session_92bb00b7-b2f0-4d9f-b2df-293a5f7ad090,Neutral,0.0
2023-03-09 10:26,Usage,visitor61629,,Καλημέρα σας,session_9b1da868-1372-4434-91c0-0ca986af205a,Neutral,0.0
2023-03-03 22:20,Billing,visitor61329,,Καλησπερα σας.,session_2c1baabb-24ae-4987-b0b9-eb3d041d4c06,Neutral,0.0
2023-03-02 10:50,Billing,visitor61224,,καλησπέρα τα υλικά π περνάμε τα παίρναμε με τιμή ΦΠΑ η χωρίς ;;;,session_744f1e20-72cc-43fe-9198-3a90d92bdf35,Neutral,0.0
2023-03-01 23:15,Billing,visitor61200,,ΚΑΛΗΣΠΕΡΑ ΣΤΙΣ ΤΙΜΕΣ ΣΤΑ ΣΥΤΑΤΙΚΑ ΒΑΖΟΘΜΕ ΤΙΜΗ ΜΕ ΦΠΑ Η ΧΩΡΙΣ ?,session_f4b006e7-df4d-4bb8-a379-d7f73bf14953,Neutral,0.0
2023-03-01 12:37,Billing,visitor61154,,"καλησπέρα, θέλω να αλλάξω τιμή στην κινόα και δεν με αφήνει επειδή έχω συνταγή με το ίδιο όνομα . ( αυτό μου λέει η ειδοποίηση)",session_a2170cdc-93de-43e9-a524-a56ddb2163ac,Neutral,0.0
2023-02-22 13:02,Billing,visitor60806,,Καλησπέρα.Σχετικα με ανανέωση συνδρομής για ένα έτος ποτέ λήγει? και ποτέ χρειάζεται να γίνει η ανανεωση? μπορειται να με βοηθήσετε?,session_08b6f778-2fc0-4136-a490-7b759ed8fb43,Neutral,0.0
2023-01-06 22:42,Usage,visitor57870,,δεν μπορω να κοστολογησω ολα τα υλικα,session_2433f194-d9a6-47a1-969e-b7c385caf068,Neutral,0.0
2022-12-28 21:55,Usage,visitor57508,,καλησπέρα !,session_80ce9861-fbe6-4687-b6c6-60ffefeb281f,Neutral,0.0
2022-12-22 20:25,Greetings,visitor57289,,καλησπέρα σας,session_292d7cbd-68b9-4ebe-a782-a5052053019f,Neutral,0.0
2022-12-22 12:21,Usage,visitor57271,,καλησπέρα σας μπορώ να στείλω μια συνταγή και το πρόγραμμα αυτό μπορεί να μου τη κοστολογήσει ..¿,session_57186681-3ca7-42ae-bf13-bcaf323f1e81,Neutral,0.0
2022-12-19 10:16,Access,visitor57094,,καλημερα σας,session_704dfb1c-470f-4265-8852-3e4c0c957550,Neutral,0.0
2022-12-17 01:32,Other,visitor57003,,θέλω πληροφορίες για την εφαρμογή.. ευχαριστώ,session_c0a5ee5a-7a6b-4bbf-bda1-11e59c662cde,Neutral,0.0
2022-12-15 15:42,Recipe,visitor56939,,"καλησπέρα γιατί δεν μου εμφανίζει την συνταγή ,ενώ μου εμφανίζει τα υλικά ; μου γράφει recipe not found",session_7cc76d3f-4c4a-4140-8630-a7ffe732b21a,Neutral,0.0
2022-12-15 11:27,Error,visitor56918,,/,session_5145f537-3dda-41ae-82a6-1bc64b0f68d5,Neutral,0.0
2022-12-15 02:25,Billing,visitor56909,,καλησπέρα,session_3f323a59-7b6c-4f56-945f-fdd5e967082b,Positive,0.28
2022-12-11 01:37,Access,visitor56730,,"Καλησπέρα,",session_62269087-d398-4379-b3b1-e7a0511a8f5c,Neutral,0.0
2022-11-30 15:08,Access,visitor56344,,"Καλησπερα ! Μολις πληρωσα με πιστωτικη για το expert προγραμμα. Ενω ολοκληρωθηκε η συναλλαγη, για καποιο λογο δεν φαινεται να εχει ενημερωθει η πλατφορμα.",session_af6feafd-8ee0-498b-b26d-d4b12e0cf714,Neutral,0.1
2022-11-23 18:43,Access,visitor56119,,καλησπέρα μήπως υπάρχει Οδηγος παραγγελιών ανά προμηθευτή προκειμένου να γίνονται οι παραγγελίες γρήγορα και να αποστέλλονται στους προμηθευτές με email ευχαριστω,session_dad479a8-f370-4265-9fe8-234d68deec8a,Neutral,0.0
2022-11-11 14:52,Recipe,visitor55591,,καλησπέρα ! άνοιξα μια συνταγή έπειτα στην κοστολόγηση ενώ βάζω τα στοιχεία που ζητάει βάρος και φύλα δεν με αφήνει να το αποθηκεύσω,session_0e379a87-e171-414c-8366-b0f5b11ed228,Neutral,0.0
2022-11-02 08:52,Greetings,visitor55262,,Καλημέρα,session_f7499a48-b3fc-4bbb-bcfc-88afa4de0bbb,Neutral,0.0
2022-05-23 22:13,Usage,visitor49719,,καλησπέρα σας θα ήθελα να μάθω πως γίνεται η κοστολογιση των προϊόντων ενός μενού,session_67de4b2c-70c5-45d2-bd13-ffeaf7121ec3,Neutral,0.0
2022-04-04 08:52,Error,visitor47059,,ΚΑΛΗΜΕΡΑ ΣΑΣ,session_3d2ec535-f1b7-402e-a937-f07efa416c47,Neutral,0.0
2022-04-04 00:08,Error,visitor47054,,ΓΕΙΑ ΣΑΣ,session_cbe82d37-2710-4c9f-9bcf-ed6bf3b6e54e,Neutral,0.0
2022-04-03 14:13,Error,visitor47031,,ΚΑΛΗΜΕΡΑ ΣΑΣ ΒΡΙΣΚΕΤΑΙ ΚΑΠΟΙΟΣ ΕΔΩ;,session_c1c14afe-5b0f-4168-b655-30dc43d15747,Neutral,0.0
2022-03-31 13:55,Error,visitor46869,,καλησπέρα σας,session_5e6e79e4-fc93-482d-b994-4d764a661283,Neutral,0.0
2022-03-30 11:31,Error,visitor46817,,KALHMERA ΕΙΜΑΙ ΚΑΙΝΟΥΡΓΙΟΣ ΣΤΗΝ ΕΦΑΡΜΟΓΗ ΡΩΤΩ ΤΟ ΕΞΗΣ ΟΙ ΤΙΜΕΣ ΜΠΑΙΝΟΥΝ ΧΩΡΙΣ ΤΟ ΦΠΑ;,session_1fd40cc9-22e8-4ae5-93f8-167a75d3bcac,Neutral,0.0
2022-03-29 17:54,Usage,visitor46782,,μετατροπή σε τμχ πως γίνετε?,session_f52cc185-600f-46ec-a512-a4f277b299bb,Neutral,0.0
2022-03-18 22:25,Recipe,visitor46304,,"Καλησπέρα θα ήθελα να ρωτησω αν για μία συνταγή επιδορπίου έχω 3 διαφορετικές παρασκευές,πρέπει να καταχωρήσω 3 διαφορετικές συνταγές ή συγκεντρωτικά τα υλικα σε 1 συνταγή;",session_dc14553b-48ef-4e71-bdfd-001f2765c849,Neutral,0.0
2022-03-18 21:57,Access,visitor46295,,i would like to change my email information,session_e9964b82-db57-4bd5-a8bc-bd3f6dd12b97,Neutral,0.0
2022-03-17 16:32,Access,visitor46206,,καλησπέρα σας,session_00c1a29b-0c77-48b7-af4b-f456053baece,Neutral,0.0
2022-03-15 00:12,Usage,visitor46058,,καλησπερα σας,session_6ba0c20b-5d77-40f3-93d1-e6e0fc82f6da,Neutral,0.0
2022-03-05 16:30,Billing,visitor45643,,Καλησπέρα σας,session_8ab4b3d1-fd66-4658-8628-ab8c8d3c01f1,Neutral,0.0
2022-03-02 13:56,Billing,visitor45458,,Καλησπερα,session_16e0e880-9f9d-49e3-b895-a4e9941ae48b,Neutral,0.0
2022-03-01 16:07,Other,visitor45406,,IM THE BEST,session_bcf33c37-34af-458f-9479-a10caa7ebefc,Positive,1.0
2022-02-28 14:04,Other,visitor45325,,I would like to have the option to add extra customized tags Eg lactosefree,session_fd8f8198-b88f-4021-8df5-234e7a3d6d84,Neutral,0.0
2022-02-25 19:02,Access,visitor45220,,We can not log in. The start page is not responding,session_c93dc54e-cf38-4ba4-a865-b1b008f536f1,Neutral,0.0
2022-02-24 21:29,Usage,visitor45176,,"Καλησπέρα σας, δεν μπορώ να συνδεθώ στον λογαριασμό μου.",session_f50cb01a-63bd-48ed-bf5f-24a71ce29a1b,Neutral,0.0
2022-02-08 13:43,Usage,visitor44450,,Καλησπέρα σας. Προσπαθώ να περάσω μια συνταγή και μου κοκκινίζει την μονάδα μέτρησης σε ένα συγκεκριμένο συστατικό με αποτέλεσμα να μην μπορώ να την αποθηκεύσω,session_a3f1ee38-a27e-4bf3-b738-2d15d0ad62cd,Neutral,0.0
2022-02-04 20:06,Recipe,visitor44308,,in a premium version can 2 users work simultaneously in order to finish a menu/task erlier?,session_c2e860b5-43aa-44c4-85eb-0359d902bd89,Neutral,0.0
2022-01-23 21:40,Other,visitor43840,,θέλω να συνδεθώ στο λογαριασμό μου,session_e09047c5-0876-41f0-887f-fd9aabe299f0,Neutral,0.0
2022-01-13 12:06,Error,visitor43500,,ΚΑΛΗΜΕΡΑ,session_cad08c57-5bf3-4be4-8b97-f0414535d79e,Neutral,0.0
2022-01-08 10:35,Recipe,visitor43375,,καλημερα θα ηθελα να ρωτησω εαν υπαρχει η δυνατοτητα για να γραψω ενα εβδομαδιαο μενου για ξενοδοχειο ευχαριστω,session_f9e31466-e324-4a4a-9010-e4447f6a7797,Neutral,0.0
2022-01-03 01:05,Error,visitor43246,,"Καλησπέρα, αν και στους προμηθευτες στη λιστα συστατικων υπαρχει η επιλογή ταξινόμησης κατα ονομα , δεν μου λειτουργει.",session_98d93035-4a41-42d9-b422-0d3e7e2a1094,Neutral,0.0
2021-12-29 16:43,Recipe,visitor43157,,ΣΤΗΝ ΥΠΟΣΥΝΤΑΓΗ ΜΕ ΤΟ ΖΥΜΑΡΙ ΠΙΤΣΑΣ ΓΙΑΤΙ ΔΕΝ ΜΕ ΑΦΗΝΕΙ ΝΑ ΑΛΛΑΞΩ ΓΡΑΜΜΑΡΙΑ ΚΑΙ ΜΕΡΙΔΕΣ ΣΤΗΝ ΑΠΟΔΟΣΗ ΤΟΥ?,session_680b1dd3-54e2-47e5-8b70-44c1e5cd093e,Neutral,0.0
2021-12-17 13:43,Error,visitor42866,,Hello there,session_1a23825a-eeec-4743-9030-c5681691d7b3,Positive,0.37
2021-12-07 11:05,Other,visitor42499,,E,session_c3a2d775-3abe-4d1b-be74-5c5d35283c2a,Neutral,0.0
2021-11-30 14:25,Other,visitor42212,,"έχω ξεχάσει τον κωδικό πρόσβασης μου,",session_3890c3d8-63b4-4ca7-9ad4-526f9beaaac9,Neutral,0.0
2021-11-22 21:48,Usage,visitor41867,,"καλησπέρα,",session_c2fe3f3a-b785-4010-9156-1927a273e72b,Neutral,0.0
2021-11-16 22:12,Recipe,visitor41540,,εχασα την συνταγη που εγραφα,session_4149aa5f-5f98-401b-baed-b8d06034415e,Neutral,0.0
2021-11-16 20:14,Greetings,visitor41531,,KALISPERA,session_08b737d0-b319-4a5e-a8a9-eda7d03354b2,Neutral,0.0
2021-11-04 16:03,Access,visitor41082,,καλησπερα,session_f2b144bc-7843-4d08-b334-bac020bff042,Neutral,0.0
2021-10-30 11:38,Error,visitor40914,,καλημερα,session_5c0600a2-55e3-4656-b4bc-ae1230839b6d,Neutral,0.0
2021-10-22 09:11,Usage,visitor40663,,"καλημέρα σας,",session_4bbb7bb1-3049-41ed-9aeb-a2f2b69cb2f6,Neutral,0.0
2021-10-13 16:41,Billing,visitor40380,,Καλησπέρα να κάνω μια ερώτηση έχει λήξει η προσφορά που είχα μέσω της σχολής ΙΕΚ ΑΚΜΗ για ένα χρόνο και θέλω να κάνω την ανανέωση με 50 ευρώ για ένα χρόνο. Γίνεται να μην έχω και τις συνταγές μου,session_52bf8a4d-5e40-4570-9e50-8e042f93e1f7,Neutral,0.0
2021-10-06 16:50,Greetings,visitor40143,,ΚΑΛΗΣΠΕΡΑ ΘΑ ΜΠΟΡΟΥΣΑΤΕ ΝΑ ΜΕ ΒΟΗΘΗΣΕΤΕ ΣΕ ΚΑΤΙ ?,session_924dc1e2-abb8-494b-a05a-f30930d2c90c,Neutral,0.0
2021-10-04 13:19,Error,visitor40068,,Καλησπερα σας !!ειμαστε πελατες της εφαρμογης σας .Μπορουμε να μπουμε απο το κινητο στην εφαρμογη αλλα δεν μπορουμε απο σταθερο υπολογιστη .Μου βγαζει την σελιδα σαν ιο .,session_727d84e8-e9b8-42e2-8ca1-9ec52fd9955d,Neutral,0.0
2021-10-04 04:56,Billing,visitor40057,,γεια σας. συγγνώμη στις μονάδες μέτρησης γράφει δίνει ως επιλογές κάτι ακαταλαβιστικα. (...φλοζ...κάθε...αδειάζω....κλ...).δεν μπορώ να γράψω την μονάδα μέτρησης που θέλω για να κοστολογήσω,session_7e267636-0cd4-4050-9cdd-56cd97b0a6f1,Neutral,0.0
2021-09-26 17:58,Error,visitor39862,,καλησπερα.,session_f8e58930-922c-4352-a873-2925839ae8a1,Neutral,0.0
2021-09-15 12:29,Greetings,visitor39558,,καλησπέρα θα ήθελα να κάνω μία ερώτηση η οποία φοράει το κομμάτι της απογραφής.,session_e66f501d-fa44-4afd-9031-65513b7509b6,Neutral,0.0
2021-08-30 16:41,Error,visitor39244,,καλησπερα! εκανα εγραφη αλλα δεν μπορω να μπω μεσα . τι μπορω να κανω ?,session_c35cd1fa-7e8a-4454-b22a-261b26e231f3,Neutral,0.0
2021-08-25 18:04,Usage,visitor39170,,ΠΩΣ ΜΠΟΡς ΝΑ ΕΠΕΞΕΡΓΑΣΤΩ ΤΗΝ ΑΠΟΓΡΑΦΗ ΜΟΥ,session_9fa338d4-8942-4f2d-8406-06ac1cbb9315,Neutral,0.0
2021-07-05 00:45,Usage,visitor38177,,Καλησπέρα σας.,session_34f2c021-e14b-4a9d-ad56-827cef7ef34a,Neutral,0.0
2021-06-29 10:47,Access,visitor38008,,ΚΑΛΗΜΕΡΑ,session_03bf641e-69ff-414f-b48e-d0c8a0cb4018,Neutral,0.0
2021-06-26 19:35,Greetings,visitor37928,,Καλησπέρα σας,session_3ac412e2-9b5d-4657-b62d-5351a67c3957,Neutral,0.0
2021-06-24 17:51,Billing,visitor37839,,καλησπέρα σας. Για κάποιο λόγο το σύστημα δεν μου επιτρέπει να αλλάξω την τιμή αγοράς (κόστους) ενός συστατικού και μου ζητάει να επανακαταχωρήσω το ίδιο συστατικό με άλλο όνομα ενώ ουσιαστικά έχει απλά αυξηθεί η τιμή αγοράς του .,session_bb586d0c-b493-4cfb-9729-cc546bbd5774,Neutral,0.0
2021-06-21 11:10,Access,visitor37725,,hello,session_f5abb568-232c-4a22-90fa-b97d225b1d90,Neutral,0.0
2021-06-11 19:51,Error,visitor37333,,Καλησπέρα σας. Σας έχω στείλει μήνυμα εδώ και μέρες για το πρόβλημα που αντιμετωπίζω με την πληρωμή. Θα μπορούσα να έχω κάποιο τηλέφωνο σας ώστε να λυθεί το πρόβλημα ή καλέστε με στο 6944724775,session_3cb32888-50ef-4ba4-8f3f-38c50354cda4,Neutral,0.0
2021-06-11 18:26,Error,visitor37329,,Καλησπέρα θέλω να αγοράσω ενα απο τα προγράμματα σας αλλά δεν μπορώ μίλησα με την τράπεζα μου και δεν ειναι δικο μου προβλημα?,session_5ef0b26e-7f6e-4bcd-a147-e3af7fd8e9c9,Neutral,0.0
2021-06-07 19:55,Access,visitor37069,,έχω ξεχάσει τον κωδικό μου και δε μου ανοίγει το link που μου έρχεται στο mail,session_1705623e-edcb-4611-b444-68a1df9c6a3a,Neutral,0.0
2021-06-07 15:47,Error,visitor37051,,καλησπέρα,session_ec04fc66-1443-4059-9f8b-bdd14d340c0a,Neutral,0.0
2021-06-07 14:20,Access,visitor37044,,καλησπερα λεει πως εχω είδη λογαριασμό αλλα δεν δέχεται τα Στοιχεία που εχω βαλει,session_111b655b-fd06-4de6-b599-386e7e88aeb4,Neutral,0.0
2021-06-06 14:16,Usage,visitor36991,,Καλησπέρα,session_d07321c6-1b87-4a64-ab85-e50266fe6162,Neutral,0.0
2021-06-04 11:09,Error,visitor36864,,"Καλημέρα κ. Παρουση, ποτέ θα έχετε χρόνο να επικοινωνήσουμε προκειμένου να μας βοηθήσετε σχετικά με ένα πρόβλημα που έχουμε εντοπίσει στο λογισμικό. είμαστε διαθέσιμοι συνεχώς.",session_311f9f73-2159-408e-9f4e-acdd7fb95264,Neutral,0.0
2021-05-13 15:58,Other,visitor35330,,κανω λογαριασμο και δεν με αφηνει να μπω μετα,session_b09d7a00-ad15-464a-a246-1aa900d79ef1,Neutral,0.0
2021-05-11 18:41,Usage,visitor35230,,καλησπερα γιατι δεν μπορω να μπω στο σιτε?,session_12b1bed4-a752-4ac9-ab96-61c22b182220,Neutral,0.0
2021-05-10 22:27,Error,visitor35172,,Δεν μου δέχεται κανέναν κωδικό πρόσβασης που βάζω,session_3429988a-3b29-42af-b50c-a7d31b6e8cfa,Neutral,0.0
2021-05-05 19:07,Billing,visitor34852,,καλησπερα,session_d1f641b7-dd2e-49ad-b338-2c3f5db9f710,Neutral,0.0
2021-04-28 00:24,Other,visitor34538,,Θα μπορούσα να εκτιπώσω την λίστα ιλικών,session_ea763b35-3975-404c-93fc-51c79d772923,Neutral,0.0
2021-04-27 13:09,Billing,visitor34502,,"hi there , i am trying to create a menu and i cannot find any of my existing recipes in the choose a recipe tab",session_c968be3b-4c01-4f87-8558-17669d01f488,Positive,0.35
2021-04-22 21:34,Recipe,visitor34206,,"καλησπέρα σας! αγόρασα πρόσφατα την εφαρμογή σας, και θα ήθελα να ρωτήσω σχετικά με τη δημιουργία menu ενώ έχω αποθηκεύσει  5 συνταγές στο πλαίσιο επιλέξτε συνταγή δεν μου τις εμφανίζει .... τι μπορεί να μην έχω κάνει σωστά?",session_02e0fa1a-dfc8-47b4-83b2-d0d54c2ec8f3,Neutral,0.0
2021-04-20 17:28,Recipe,visitor34023,,comment puis je rectifier l'ordre de mes menus?,session_0c876ed1-5375-46c7-9961-fa857a545475,Neutral,0.0
2021-04-16 10:19,Recipe,visitor33724,,εκανα αρχειοθηκη και δεν ξερω που εχει παει το μενου,session_de8b57e8-983d-4f6c-87f9-75682b52974c,Neutral,0.0
2021-04-10 13:56,Other,visitor33339,,"Ενδιαφέρομαι για το πρόγραμμα σας και θα ήθελα μια πιο αναλυτική περιγραφή των δυνατοτήτων του και ειδικά αν μπορεί να κάνει γέφυρα με άλλα προγράμματα ώστε να ""τραβάει"" τιμές και να μην χρειάζεται διπλή καταχώρηση.",session_1b43a93f-4d70-4c36-a96d-3de62fc6ecad,Neutral,0.0
2021-04-09 20:05,Usage,visitor33300,,i cannot save my recipes....i choose print option but i cannot save it,session_e3f3523a-3cea-4d4a-a33e-1d906cf02187,Neutral,0.0
2021-03-31 12:55,Error,visitor32621,,ΕΒΑΛΑ ΚΑΙ ΤΟ FIREFOX..ΚΑΙ ΤΑ ΟΡΘΟΓΡΑΦΙΚΑ ΔΙΟΡΘΩΘΗΚΑΝ..,session_37f86f8c-7472-4074-acef-e46a2b7c2200,Neutral,0.0
2021-03-31 12:09,Error,visitor32618,,εβαλα το google chrome ...,session_dde6ff92-6c12-4957-ade9-38335885d1e9,Neutral,0.0
2021-03-19 21:36,Other,visitor31970,,Im trying to register and its giving me an invalid promo code,session_202a55fb-b2df-4f27-bb6f-0f12c539ca96,Neutral,0.0
2021-03-12 15:31,Error,visitor31575,,Θα μπορούσα να περάσω την λίστα με τα προϊόντα από κάθε προμηθευτή ξεχωριστά στο σύστημα όλα μαζί αντί να τα βάζω ένα ένα?,session_9ddec49d-f30d-4487-9219-bb3cdc83f5db,Neutral,0.0
2021-03-09 17:54,Error,visitor31397,,καλησπερα,session_79adfdf0-9a71-4747-ad40-168589072dfe,Neutral,0.0
2021-03-06 13:04,Recipe,visitor31210,,ΕΧΩ ΒΑΛΕΙ ΣΥΝΤΑΓΗ ΚΑΙ ΚΟΣΤΟΛΟΓΗΣΗ ΓΙΑ ΜΙΑ ΜΕΡΙΔΑ.ΘΕΛΩ ΝΑ ΒΑΛΩ ΤΗΝ ΙΔΙΑ ΣΥΝΤΑΓΗ ΑΛΛΑ ΓΙΑ ΠΕΡΙΣΣΟΤΕΡΕΣ ΠΕΡΙΔΕΣ ΠΧ.500-700. ΠΩΑ ΤΟ ΚΑΝΟΥΜΕ; ΜΠΟΡΕΙΤΕ ΝΑ ΜΕ ΒΟΗΘΗΣΤΕ;,session_ad4b27ed-02d0-4511-a2ad-5ebecd9a75b9,Neutral,0.0
2021-03-03 17:45,Billing,visitor31080,,Καλησπερα. Ποτε υπολογιζεται να ενεργοποιησετε το πακετο?,session_26619316-5439-4f07-8842-94a60c6e1722,Neutral,0.0
2021-03-03 14:04,Error,visitor31064,,Υπάρχει πρόβλημα με την πλατφόρμα σας. Με πετάει έξω χωρίς να μου επιτρέψει να σώσω και χάνω ολόκληρες συνταγές. Διορθώστε το επιτέλους.,session_f458b393-93a5-440a-9601-7c0c09a8077c,Neutral,0.0
2021-03-03 11:39,Access,visitor31047,,Γινεται να μας δωσετε ενα promo code να δοκιμασουμε το expert για 3 μερες να δουμε αν καλυπτει τις αναγκες μας. Ευχαριστω,session_44bccd90-828f-43ce-b954-bf31ac6c376c,Neutral,0.0
2021-03-01 19:37,Access,visitor30975,,καλησπέρα έκανα αρχειοθέτηση τις συνταγές μου και δεν μπορώ να δω που έχουν αποθηκευτεί,session_7c1249ff-7a56-47d8-b56c-e2c050562dbd,Neutral,0.0
2021-03-01 13:36,Error,visitor30948,,ΚΑΛΗΜΕΡΑ. ΕΧΩ ΦΤΙΑΞΕΙ 2 ΣΥΝΤΑΓΕΣ ΑΛΛΑ ΟΤΑΝ ΠΗΓΑΙΝΩ ΣΤΑ ΑΡΧΕΙΟΘΕΤΗΜΕΝΑ ΔΕΝ ΑΝΟΙΓΗ ΝΑ ΔΩ ΤΗΝ ΣΥΝΤΑΓΗ......,session_abb90e9a-9079-48f4-abd4-b3958c22fe2a,Neutral,0.0
2021-02-26 18:11,Greetings,visitor30824,,Γειά σας,session_e87876bd-704c-4e8a-8ffd-1de8f3399813,Neutral,0.0
2021-02-16 19:07,Usage,visitor30437,,καλησπερα σασ ειχα στηλη ενα μηνημα που δεν μπορουσα να εξαγο απο το προγραμα σε exel telika to problima einai logo toy safari .,session_f1b2a8c1-90d1-48ee-a880-04e96cd94b9e,Neutral,0.0
2021-02-15 23:45,Other,visitor30412,,GEIA SAS EXEI PROBLIMA EXAGOGI SE ARXEIO EXEL STIS LISTA ANAFORON /SYSTATIKA,session_ff3109cd-727b-44a1-811f-5ee73da5eaeb,Neutral,0.0
2021-02-15 21:02,Usage,visitor30404,,καλησπέρα,session_c017d87f-9097-497f-babb-117c46dad232,Neutral,0.0
2021-02-03 09:54,Access,visitor29889,,καλημερα,session_cc3a1c5b-625e-424f-ac8f-1ccfccd79c72,Neutral,0.0
2021-02-03 09:36,Error,visitor29887,,εχω βαλει 15 φορες κωδικό και εμείς αλλα καταλαβαίνω οτι το προβλημα ειναι απο εσασ αλλα οχι απο εμενα,session_a3620e6d-7a0e-4560-a061-94e9d192e7ed,Neutral,0.0
2021-01-27 12:30,Greetings,visitor29568,,Καλημέρα σας ήθελα να κάνω μία ερώτηση αν υπάρχει κάποια δυνατότητα καταρχάς δοκιμαστικής χρήσεις της εφαρμογής και κατά δεύτερον αν υπάρχει δυνατότητα εκπαίδευσης εμού ή κάποιου συνεργάτη μου.,session_202b25ac-6f0c-40fe-ba88-b790f6a18e45,Neutral,0.0
2021-01-22 18:58,Greetings,visitor29004,,Καλησπέρα είμαι καθηγητής στη σχολή  κ δεν θυμάμαι τους κωδικούς πρόσβασης.,session_91384ed4-893c-46dd-bd9e-0d7f9104eae3,Neutral,0.0
2021-01-21 09:44,Billing,visitor28763,,Καλημέρα σας. πώς μπορώ να αλλάξω το ΦΠΑ σε 13% παρακαλώ?,session_ffee7cd3-3b3e-41a9-be1d-5eac23e68c35,Neutral,0.0
2021-01-19 14:13,Greetings,visitor28188,,"Καλησπέρα, περνάω συστατικό και μετά νέο προμηθευτή αλλα δεν τον καταχωρεί",session_dd21980e-02c9-4578-bb3a-d753cdafa029,Neutral,0.0
2021-01-11 10:22,Error,visitor27222,,καλημέρα σας..έχω κάνει εγγραφή στην σελίδα αλλά μου βγάζει ότι δεν δέχεται τον κωδικό η το email μου.. προσπάθησα να κάνω ανάκτηση κωδικού αλλά δεν έχω λάβει ακόμη απάντηση στο email για καινούργιο κωδικό.. παρακαλώ ελέγξτε τα στοιχεία μου και ενημερώστε με άμεσα για το πρόβλημα (chef Εμμανουήλ Γεώργιος 6930484670),session_ec0a610f-2083-4ea9-ae71-e955212924e0,Neutral,0.0
2021-01-10 23:18,Recipe,visitor27170,,δεν μου αποθηκευει τη συνταγη,session_66bbf17e-e47c-4018-8537-6904e32cf291,Neutral,0.0
2021-01-06 10:56,Error,visitor26628,,"Καλημέρα, αν η φύρα ειναι κάτω του 1% δεν καταχωρειται ή παταω κάτι λάθος και δεν παιρνει τιμή?",session_add6e222-9cfe-48bc-9d3c-30db067e02cd,Neutral,0.0
2020-12-24 12:00,Billing,visitor25010,,"Κύριε παρουση καλησπέρα,

Ήθελα να σας ρωτήσω αν  κάνετε κάποιο σεμινάριο food and beverage cost control.

Με εκτίμηση 
ευαγγελος μανωλης",session_6acb8d6c-4fe7-4d47-a540-12f1d57799b8,Neutral,0.0
2020-12-22 18:29,Billing,visitor24765,,i have a renewal code.,session_7b148560-7502-4036-8d2f-9d7233574d14,Neutral,0.0
2020-12-18 20:08,Usage,visitor24149,,"γεια σας εκανα μια κοστολογηση σε μια συνταγη και μου την διεγραψε αυτοματα μετα την αποθηκευση..,μπορω να την επαναφερω;",session_53e68737-197a-48c2-b032-867227d896a2,Neutral,0.0
2020-12-08 17:55,Access,visitor23269,,hello. i have register but i dont join,session_580ecbef-3e6b-4a7a-880a-6e035a1eab4e,Neutral,0.0
2020-12-07 16:29,Usage,visitor23224,,"Καλησπέρα σας,",session_7a8f9591-ce57-49c1-a5e3-e5ea7b0e8ada,Neutral,0.0
2020-12-03 16:29,Other,visitor23099,,KALIMERA,session_ca4494fc-536b-48e6-8c6a-e0b7dec263b2,Neutral,0.0
2020-12-03 11:26,Usage,visitor23079,,"καλημερα ειμαι καινουργιοσ χρηστησ θα ηθελα  ενα παραδειγμα παρακαλω, δεν μπορω να κοστολογησο ευχαριστω",session_d4494b47-a70c-48e5-862f-d8d057e78926,Neutral,0.0
2020-12-03 09:33,Access,visitor23068,,"Καλημέρα σας. Είμαι παλιός σας πελάτης (Νίκος Στεφανίδης, nikolastefanidis@msn.com). Θέλω να κάνω registration αλλά δεν με αφήνει το σύστημα να χρησιμοποιήσω το mail μου. Τι μπορούμε να κάνουμε;   Να θυμίσω ότι είχα αγοράσει εφάπαξ τι πρόγραμμα σας. Ίσως να ενεργοποιήσω το πρόγραμμα που έχω ήδη στα χέρια μου (είχα χάσει τα δεδομένα μετά από format);",session_be54509a-7323-4b99-aac3-c0503c0a9d4b,Neutral,0.0
2020-11-30 16:54,Billing,visitor22934,,πως υπολογιζουμε το μεικτο κοστος,session_abfab074-cfe0-448d-8b74-2a23d8d41d19,Neutral,0.0
2020-11-27 14:20,Error,visitor22795,,ΖΥΜΑΡΙΚΑ,session_aaac7550-5a0f-4179-aea6-3069bcd4ee77,Neutral,0.0
2020-11-20 11:15,Billing,visitor22444,,καλημερα...,session_8bd57055-d472-4e6c-9175-c7ea12aa7ab5,Neutral,0.0
2020-11-15 17:38,Error,visitor22195,,καλησπέρα σας,session_42fd8eaf-5f9f-4a96-9a51-fb82956e443e,Neutral,0.0
2020-11-07 16:36,Error,visitor21823,,kalispera,session_6e6f5523-573e-4d75-86fe-df79d680edfe,Positive,0.5
2020-11-06 13:20,Billing,visitor21784,,καλησπέρα θα θελα να ρωτήσω για την συνδρομή μου,session_7e5de7ea-125e-42d7-bd58-d5c135db9655,Neutral,0.0
2020-10-11 15:48,Greetings,visitor20915,,Καλησπέρα,session_86c64fa0-18a5-4f89-84cf-53f6a03d6ad9,Neutral,0.0
2020-09-03 16:48,Usage,visitor19793,,Καλησπερα,session_16fb66de-25fc-413c-b39d-a6c7a257e7a8,Neutral,0.0
2020-08-13 19:45,Greetings,visitor19303,,καλησπερα υπαρχει δυνατοτητα demo,session_0a9f9505-4a88-4fbc-a695-970bc441f084,Neutral,0.0
2020-08-01 17:11,Billing,visitor19000,,πώς μπορώ να εκτυπώσω ολόκληρο το μενού μαζί με το κόστος των συνταγών?,session_1545bfd1-e7e3-47c2-a33c-e6201aaa0861,Positive,0.5
2020-06-27 08:24,Error,visitor17732,,καλημερα σας,session_9c5a49bd-11eb-40c1-aa7f-dd09f8dec556,Neutral,0.0
2020-06-16 19:36,Access,visitor17223,,"Hello, I need to update the email  on my profile, but Im not able to. please let me know ASAP.",session_1709e93e-40fc-4b39-93c1-fc939918f148,Negative,-0.25
2020-06-16 14:33,Billing,visitor17204,,καλησπερα...υπαρχει καποια εφαρμογη για το costo menu?,session_4ee9018c-f580-48c9-955d-184092e233eb,Neutral,0.0
2020-06-12 23:33,Usage,visitor17004,,δεν μπορω να δω την συνταγη που αποθηκευσα,session_45eb6725-76a0-400d-8054-551913702e80,Neutral,0.0
2020-06-07 23:46,Recipe,visitor16787,,gia sad 8a h8ela na rwthsw to akrivis einai to menu engineering?,session_e237a9e1-d3d3-4fad-8daa-8591102f460c,Negative,-0.5
2020-06-06 22:05,Usage,visitor16743,,gia sas,session_87d65ecd-4dd3-44e4-8b3e-fa0de1f4c9dd,Positive,0.5
2020-06-05 21:17,Usage,visitor16708,,Μπορώ με κάποιον τρόπο να εκτυπώσω όλα τα συστατικά μου και τις τιμές τους?,session_18a56f6c-8dbd-4535-9920-24e6297ac476,Neutral,0.0
2020-06-01 15:14,Greetings,visitor16463,,καλησπερα δωστε μου iban να πληρωσω,session_e3a4943f-b6f4-4d83-9240-b7ac4e110db7,Neutral,0.0
2020-05-31 17:02,Usage,visitor16426,,"Καλησπέρα σας,

μπορώ να εκτυπώνω οτιδήποτε δημιουργώ εδώ?",session_0ada8dfb-7f35-456b-a079-cd6c87153245,Neutral,0.0
2020-05-29 20:40,Error,visitor16342,,καλησπερα,session_bc9a4405-9cbf-42cf-b204-e0c78ed71222,Neutral,0.0
2020-05-26 23:29,Greetings,visitor16157,,καλησπερα σας η εφαρμογη δεν με αφηνει να αποθηκευσω τα συστατικα,session_fd7e0fb7-5f2b-429d-85b8-8fd2fd0f1b52,Neutral,0.0
2020-05-24 22:22,Access,visitor16017,,θα ήθελα να στείλω την κοστολογηση με email πως το κάνω ευχαριστώ,session_9a7dfd99-e922-41e3-8774-f48a0adac5be,Neutral,0.0
2020-05-23 09:50,Access,visitor15907,,i am trying to register and it says that im already registered and it also says that my email is already registered,session_4386c025-b6b9-44d8-8f35-ac4bedbf98ab,Neutral,0.0
2020-05-22 22:34,Error,visitor15899,,καλησπέρα σας,session_9233a25c-01b7-40ed-8e6b-10532d10129f,Neutral,0.0
2020-05-21 17:48,Error,visitor15824,,"I have just created an account, but keeps sending me message, that the email or the password is not correct. I sent an email for reset and I wrote the same password, but the problem still remains. please advice.  thank you!",session_176bbae3-3c84-4b59-86a1-526b91d858b3,Neutral,0.0
2020-05-15 18:05,Usage,visitor15213,,Πώς. Αλλάζουμε κωδικο δεν πουθενά ρυθμίσεις ασφαλείας,session_976e2faf-802c-49f7-b3d5-187d2c857e66,Neutral,0.0
2020-05-15 01:37,Usage,visitor15173,,δεν καταλαβαίνω πως θα με βοηθήσει στο να κοστολόγηση ένα πιατο,session_fa7ba57c-3124-4e3c-bb39-6c46946e5a5b,Neutral,0.0
2020-05-10 17:28,Usage,visitor14656,,ειναι εφαρμογή; μπορω να το κατεβασω;κοστιζει; εχει σε ελληνικα;,session_c20249de-97fb-427b-a0ac-bb8c515f6e79,Neutral,0.0
2020-05-08 22:56,Access,visitor14441,,"Καλησπέρα σας, για κάποιο λόγο δε μπορώ να συνδεθώ, ενώ ο λογαριασμός μου είναι κανονικά ενεργός.",session_0affd13e-56df-4125-8020-7efe2536728d,Neutral,0.0
2020-04-29 17:22,Usage,visitor13964,,καλησπεραα,session_09307841-2f49-42d5-978a-aa23018c22d5,Neutral,0.0
2020-04-06 16:32,Usage,visitor13545,,Καλησπερα,session_afd7be19-d996-47f3-9ad5-03d7c3db41aa,Neutral,0.0
2020-03-29 18:41,Other,visitor13376,,den mporo na balo timi sto boutyro,session_8a0e6580-b82d-4b65-a848-873acab33c84,Neutral,0.0
2020-03-24 11:44,Access,visitor13282,,Καλημερα σας θα ηθελα να κανω αναβαθμιση στο επαγγελματικο πακετο αλλα δεν μπορει να γινει πληρωμη μεσο καρτας. υπαρχει αλλος τροπος ειτε με phone banking ειτε να μου στειλετε ενα λογαριασμο να σας κανω καταθεση;;; Σας ευχαριστω,session_5f483662-4cbb-438f-b582-989ed4f45000,Neutral,0.0
2020-03-16 11:27,Billing,visitor13132,,καλημερα μπορουμε να κανουμε την πληρωμη με καταθεση στην τραπεζα,session_4a759a9e-9aca-4ea8-8165-025a5ef341c8,Neutral,0.0
2020-02-29 13:51,Billing,visitor12563,,Καλησπέρα σας! Μπορώ να χρησιμοποιήσω το CostoMenu για εκπαιδευτικούς λόγους; Είμαι εκπαιδευτικός τουριστικών μαθημάτων και θα ήθελα να το εντάξω στην εκπαιδευτική διαδικασία του μαθήματος της Τιμολόγησης στην ειδικότητας Μαγειρικής Τέχνης,session_c323ff41-aa8e-4d15-97a4-e0a9c6a11e4e,Neutral,0.0
2020-02-24 20:02,Usage,visitor12156,,"Καλησπέρα. Πως μπορω να αποθηκευσω μια συνταγη και να την τελειωσω αργοτερα ? μου ζηταει να συμπληρωσω το πεδιο ""μεριδα"" . αυτο θα ηθελα να το κανω αργοτερα",session_d22a8a4e-6966-41bf-9bef-c9e4f277a5d4,Neutral,0.0
2020-02-19 22:05,Billing,visitor11773,,"Καλησπέρα, έχω ένα promocode από ένα σεμινάριο F&B από τον Φεβρουάριο του 2018",session_e0496c9c-1738-4a21-b0ac-731771ac20dd,Neutral,0.0
2020-02-19 18:19,Billing,visitor11755,,καλησπερα σας,session_76a61055-587b-4488-8668-e6643f5ff62e,Neutral,0.0
2020-02-18 10:01,Error,visitor11592,,εχω ξεχάσει τον κωδικό  μου και δεν μου στελνει καινούργιο,session_13192bea-f4e5-46da-bbe2-34710d4408dc,Negative,-0.5
2020-02-16 00:18,Other,visitor11376,,Έχει συνταγες μονο μαγειρικης η και ζαχαροπλαστικης,session_38d3c9ff-b44a-4168-b757-d21f65c74da6,Neutral,0.0
2020-02-13 14:44,Other,visitor11134,,στα ελληνικά δεν υπάρχει η σελίδα;,session_5b047fa2-7533-4f50-ab7f-a65281be9881,Neutral,0.0
2020-02-11 13:49,Access,visitor10815,,γεια σας,session_8bbf029a-a5d3-41d5-8f2f-9941f3969f6d,Neutral,0.0
2020-02-09 13:24,Units,visitor10584,,kalispera,session_e81ad5e2-0fc3-4e84-ac3e-ab145c8c1f98,Positive,0.35
2020-01-30 12:06,Recipe,visitor10142,,"Πάω να καταχωρήσω μενού ή κάποιο συστατικό και μου ανοίγει κόκκινα ""παράθυρα"" με την λέξη true και με πετάει έξω.. Γιατί?",session_0106d7bc-2ace-4aea-839b-6d07ddcc756f,Positive,0.35
2020-01-29 22:56,Error,visitor10119,,γεια σας το προγραμμα σας κολαει και μου δημιουργεί προβλημα,session_200cc1cf-f5d4-4eaa-a4f9-6c610ca59e5c,Neutral,0.0
2020-01-28 20:50,Error,visitor10054,,Καλησπέρα,session_3823d38d-8c40-4dc2-aa5a-0ad9b2085325,Neutral,0.0
2020-01-26 19:27,Greetings,visitor9919,,Καλησπερα σας.,session_d93253b5-bc0e-4106-9626-29edff5ccc68,Positive,0.35
2020-01-24 15:08,Error,visitor9766,,Καλησπέρα!,session_33c30a22-7949-42f0-8eee-91737a73a5cb,Positive,0.4
2020-01-20 06:38,Access,visitor9303,,προσπαθώ να γράψω μια ακομα συνταγή και δεν αποθηκεύει,session_e76523a1-d6c3-4bab-b1dd-0542b2e29ab7,Neutral,0.0
2020-01-19 10:33,Usage,visitor9240,,δεν  μπορω να αποθηκευσω την συνταγη,session_f3453c3c-5c60-4fa9-99ff-8f369ad2a2a0,Neutral,0.0
2020-01-18 17:59,Recipe,visitor9196,,γεια σας δεν μου επιτρέπει η εφαρμογή να καταχωρίσω νέα συνταγή,session_0e51dc91-680e-4466-93b7-87e538e1ed06,Neutral,0.0
2020-01-17 18:47,Recipe,visitor9099,,Καλήσπέρα.,session_2128830d-a1e2-47e3-b7e7-a3172e8d072b,Neutral,0.0
2020-01-16 22:05,Billing,visitor9012,,Γιατί δεν μπορώ να ανοίξω το costomenu,session_da4f6a3c-9eec-4be6-97f5-a49d39eebe30,Neutral,0.0
2020-01-16 21:13,Error,visitor8985,,Δεν μπορω να μπω στην σελιδα που πληκτρολογω τα στοιχεια μου για να συνδεθω,session_63ea4394-2ba5-4771-a290-1c09ea9ef785,Neutral,0.0
2020-01-16 16:58,Usage,visitor8910,,"καλησπέρα σας, πως μπορω να αποθηκευσω στον υπολογιστή μου τις συνταγές που φτιάχνω και τις κοστολογήσεις τους;",session_91c35633-5ca8-4d40-bb6d-0673c2a10976,Neutral,0.0
2020-01-15 17:09,Recipe,visitor8790,,i think i just lost a recipe,session_cd72deea-2c00-4026-9a25-b66f2757ce4f,Neutral,0.0
2020-01-13 13:29,Usage,visitor8609,,πως μπορω να αποθηκευσω μια συνταγη..εχω κανει ενα αρχειο το επιλεγω κ μου το γραφει διπλα στο choose a file..τι κανω μετα?,session_684f0e53-fd64-4c5f-926e-19a7512587dd,Neutral,0.0
2020-01-13 11:53,Usage,visitor8605,,βάζω τον κωδικό και δεν μπορω να μπω,session_247b755e-864c-440c-aab1-ee577e7c8d2c,Neutral,0.0
2020-01-12 11:52,Billing,visitor8544,,καλημέρα χρόνια πολλά και καλή χρονιά με υγεία μπορώ να κάνω μια ερώτηση,session_77121d13-bae5-40e5-a4ed-5eb0a78e5a84,Neutral,0.0
2020-01-11 16:57,Usage,visitor8515,,γεια σας μπορειτε  να μου εξηγείσεται πως μπορω να γραψω μια συνταγή,session_686860a7-375b-4a9d-824f-cdc32f481164,Neutral,0.0
2020-01-10 16:49,Error,visitor8463,,I am trying to register and make a payment but it keeps telling my card details are wrong - which are not. please advise,session_6e32ead4-26e1-47d1-a073-0c21f5e427c9,Negative,-0.5
2019-12-31 03:05,Error,visitor8053,,δεν έχω καταλάβει ακριβώς πώς να κοστολόγησω και να τιμολόγηση ένα κατάλογο,session_d0d71f49-fde0-4ac8-af5b-7b53f4afab57,Neutral,0.0
2019-12-24 00:32,Usage,visitor7782,,Δεν μπορω να μπω στον λογαριαμο μου,session_25009c1f-d842-4d5d-bb03-41d08c9d8d48,Neutral,0.0
2019-12-23 15:31,Error,visitor7753,,εκανα πληρωμη για το πακετο expert . μου λεει ημερομηνια ληξης 23/12/20. ηταν η προσφορα για 2 χρονια,session_c7038aea-0e73-444c-b1a1-82e1be640248,Neutral,0.0
2019-12-23 15:05,Billing,visitor7750,,πως παίρνω  κωδικό προσφορας;,session_d2fcd4b6-a9db-414e-89db-b0907e8dba98,Neutral,0.0
2019-12-16 01:03,Billing,visitor7167,,καλησπέρα που πρέπει να βάλουμε τον δωρεάν κωδικό ανανεωσης,session_ff878745-7a55-4d65-a98b-94818b9da7c9,Neutral,0.0
2019-12-13 00:35,Other,visitor6925,,geia sas,session_0a7b277b-0691-46a7-9f88-7ee4c2fcff66,Neutral,0.0
2019-12-08 13:07,Error,visitor6382,,Γεια σας ειμαι σπουδαστρια στην σχολη ιεκ ακμη στο πρωτο ετος της ζαχαροπλαστικης και μου εχουν δοθει καποιοι κωδικοι ωστε να βαζω τις συνταγες μου στην εφαρμοφη σας εχω πληρωσει το αναλογο ποσο αλλα δεν μου να μπω μου λεει λαθος κωδικος ή EMAIL,session_96ab8260-ad8f-430f-8002-60dbe20982a0,Neutral,0.0
2019-12-04 13:42,Usage,visitor5753,,πώς μπορώ να χρησιμοποιήσω το πρόγραμμα?,session_b4631c93-2c94-492d-8772-5a82b7817723,Neutral,0.0
2019-12-01 13:56,Error,visitor5317,,περασα καποιεσ τιμες στην κοτστολογηση λαθος και τωρα μου τα εμφανιζει οταν βαλω τα ιδια υλικα σε ολες τις συνταγες και δεν με αφινει να το κανω επεξεργασια θα μπορουσατε να μου δωσετε μια βοηθεια ???,session_b14ee69c-b9a5-44d5-ab34-a51e8f145703,Neutral,0.0
2019-11-28 23:06,Access,visitor5188,,καλησπέρα,session_395e15cf-9f42-42b3-94e5-2a0bd31ff6cc,Neutral,0.0
2019-11-28 16:25,Other,visitor5165,,όταν πάω να την αποθηκεύσω αναφέρει ότι δεν έχω γράψει όνομα και δεν αποθηκεύετε ούτε κοστολογείται,session_c7ed965f-ea1b-43b3-a28e-4109e7dc0e3e,Neutral,0.0
2019-11-28 15:26,Billing,visitor5164,,θα με βοηθουσε πολυ να μπορω ν βαζω στα συστατικα φωτογραφιες ωστε να ελεγχουν οι υπευθηνες σου πιο σωστα στην παραλαβη,session_e1341a26-c6cc-4e43-b10b-6d7ae0c3c122,Neutral,0.0
2019-11-25 17:57,Recipe,visitor4977,,Εχω γραψει μια συνταγη και δεν με αφηνει να την αποθηκευσω,session_0cb7643c-7ffc-404b-b60f-0f09495d0fae,Neutral,0.0
2019-11-22 22:12,Error,visitor4790,,Με ποιό κριτήριο εισάγω την τιμή μονάδας κόστους κάποιου υλικού? Πού βρίσκω δηλαδή την τιμη που θα κοστολογήσω π.χ τη ζάχαρη?,session_b46ffb4a-975e-47ad-bb8a-5deb82d8e378,Neutral,0.0
2019-11-22 15:46,Usage,visitor4765,,ΔΕΝ ΜΠΟΡΩ ΝΑ ΚΑΝΩ ΑΝΑΒΑΘΜΙΣΗ ΣΕ EXPERT,session_c2ec5ee0-4ed5-4b0a-bcc3-eae26f26ecd3,Neutral,0.0
2019-11-19 15:28,Usage,visitor4474,,"Χρησιμοποίησα το promo code στο beginner και τώρα που θέλω να μπω στο expert δεν μπορώ , τι να κάνω ;",session_1a6bfbe6-c058-4480-b970-c19654465843,Neutral,0.0
2019-11-18 15:28,Other,visitor4335,,θα ήθελα να μάθω αν υπάρχει εφαρμογή για αυτή τη σελίδα,session_7b6289bf-2266-43df-a7fe-f34e0bad2154,Neutral,0.0
2019-11-12 16:43,Error,visitor3636,,Έκανα λάθος και δεν έχω βάλει το email μου πως μπορώ να το αλλάξω,session_0f382b76-076e-423a-9ed1-fb43e3c24d2d,Neutral,0.0
2019-11-11 20:44,Other,visitor3511,,υπαρχει κάποιο app για την σελιδα σας,session_9ed12e68-7865-4c46-a200-5f90b33d0120,Neutral,0.0
2019-11-11 19:41,Error,visitor3478,,6934186006.,session_a4ce05bc-1eb9-4c28-9778-3ff649e5f37f,Positive,0.5
2019-11-06 00:49,Other,visitor2759,,θα ηθελα να διαγραψω τον λογαριασμο μου απ αυτο το  site,session_2bdbe0b2-3054-401f-9cbe-9badb9df125b,Neutral,0.0
2019-11-04 20:29,Error,visitor2599,,από την μεταφορά δεδομένων από το πρώτο πρόγραμμα αντιμετωπίζω το εξής πρόβλημα.είχα φτιάξει δικές μου μονάδες μέτρησης (πχ 1 ματσακι= 100γρ για τα μυρωδικά) κάτι που στο πρόγραμμα τώρα δεν το αναγνωρίζει με αποτέλεσμα το food cost να βγαίνει λανθασμένο.πως μπορώ να κάνω την μετατροπή για να  το διορθώσω?,session_0954b3e9-6a4f-47ff-b9d3-50d8febec61b,Neutral,0.0
