Type,Term,Count
Keyword,κανω,89
Keyword,συνταγη,67
Keyword,πως,62
Keyword,καλημερα,55
Keyword,ηθελα,50
Keyword,βγαζει,49
Keyword,συνταγες,47
Keyword,υπαρχει,45
Keyword,του,43
Keyword,email,42
Keyword,οταν,41
Keyword,τιμη,40
Keyword,λαθος,39
Keyword,προβλημα,37
Keyword,εχει,34
Keyword,προγραμμα,33
Keyword,αφηνει,31
Keyword,γιατι,31
Keyword,ενω,29
Keyword,κατι,29
Keyword,συστατικα,29
Keyword,εφαρμογη,29
Keyword,κανει,28
Keyword,κωδικο,27
Keyword,τιμες,27
Keyword,ρωτησω,26
Keyword,παω,25
Keyword,μενου,25
Keyword,κοστος,24
Keyword,καποιο,24
Keyword,συστατικο,23
Keyword,βαζω,23
Keyword,μπω,22
Keyword,υλικα,22
Keyword,κοστολογηση,21
Keyword,προσπαθω,21
Keyword,εκανα,20
Keyword,καποια,20
Keyword,μπορει,20
Keyword,φπα,20
Keyword,λογαριασμο,19
Keyword,λεει,19
Keyword,χωρις,19
Keyword,γινεται,18
Keyword,σελιδα,18
Keyword,συνδεθω,17
Keyword,λιστα,17
Keyword,βαλω,17
Keyword,παλι,16
Keyword,μετα,16
Keyword,αποθηκευσω,15
Keyword,συστατικων,14
Keyword,δυνατοτητα,14
Keyword,εχουν,14
Keyword,ειχα,14
Keyword,καθε,14
Keyword,μονο,14
Keyword,μεσα,13
Keyword,εγγραφη,13
Keyword,εμφανιζει,13
Keyword,excel,13
Keyword,αλλαξω,13
Keyword,συνταγων,13
Keyword,ανανεωση,13
Keyword,πακετο,13
Keyword,μολις,12
Keyword,ενταξει,12
Keyword,στη,12
Keyword,εχετε,12
Keyword,επισης,12
Keyword,μετρησης,12
Keyword,ερωτηση,12
Keyword,γινει,12
Keyword,ωστε,12
Keyword,ηταν,11
Keyword,χρονια,11
Keyword,κωδικος,11
Keyword,προιοντων,11
Keyword,σωστα,11
Keyword,μπορουμε,11
Keyword,περασω,11
Keyword,καποιος,11
Keyword,συνταγης,11
Keyword,μοναδα,11
Keyword,μην,11
Keyword,παταω,10
Keyword,γραφει,10
Keyword,ποσο,10
Keyword,menu,10
Keyword,τροπος,10
Keyword,πολλα,10
Keyword,τηλεφωνο,10
Keyword,ολες,10
Keyword,παρα,10
Keyword,αποθηκευση,10
Keyword,ονομα,10
Keyword,ανοιγει,10
Keyword,expert,10
Keyword,πωλησης,10
Keyword,εχουμε,10
Phrase,ηθελα ρωτησω,21
Phrase,οταν παω,12
Phrase,ηθελα κανω,9
Phrase,μοναδα μετρησης,8
Phrase,ολες συνταγες,8
Phrase,κανω ερωτηση,8
Phrase,τιμη πωλησης,8
Phrase,καλημερα ηθελα,8
Phrase,κατι λαθος,7
Phrase,λεει λαθος,6
Phrase,τιμη αγορας,6
Phrase,υπαρχει δυνατοτητα,6
Phrase,υπαρχει καποιος,6
Phrase,συνταγη βγαζει,6
Phrase,λαθος κωδικος,6
Phrase,πως κανω,6
Phrase,καποιο προβλημα,6
Phrase,μπορει γινει,6
Phrase,κανω κατι,6
Phrase,καλη χρονια,5
Phrase,λιστα συστατικων,5
Phrase,food cost,5
Phrase,στη λιστα,5
Phrase,ρωτησω πως,5
Phrase,κανω ανανεωση,5
Phrase,παω κανω,5
Phrase,καλημερα προσπαθω,5
Phrase,υπαρχει καποιο,5
Phrase,ανανεωση συνδρομης,5
Phrase,μεικτο κερδος,5
Phrase,τιμες προιοντων,5
Phrase,αφηνει αποθηκευσω,5
Phrase,αποθηκευσω συνταγη,5
Phrase,κανω λαθος,5
Phrase,κωδικος email,4
Phrase,αφηνει μπω,4
Phrase,good morning,4
Phrase,βγαζει κοστος,4
Phrase,υπαρχει καποια,4
Phrase,καποιος τροπος,4
Phrase,πως αλλαξω,4
Phrase,κωδικος προσβασης,4
Phrase,πως μπορουμε,4
Phrase,promo code,4
Phrase,αλλαξω τιμη,4
Phrase,καποιο λογο,4
Phrase,κανω αναβαθμιση,4
Phrase,μοναδες μετρησης,4
Phrase,ειστε καλα,3
Phrase,προσπαθω συνδεθω,3
Phrase,μπορειτε βοηθησετε,3
Phrase,ξεχασα κωδικο,3
Phrase,κανει εγγραφη,3
Phrase,τιμη του,3
Phrase,record sales,3
Phrase,ρωτησω εαν,3
Phrase,κανω επεξεργασια,3
Phrase,προσπαθω μπω,3
Phrase,προσπαθω κανω,3
Phrase,καποια συστατικα,3
Phrase,λυθει προβλημα,3
Phrase,χρονια πολλα,3
Phrase,συνταγες εχουν,3
Phrase,ηθελα μαθω,3
Phrase,υπαρχει προβλημα,3
Phrase,google chrome,3
Phrase,του λογαριασμου,3
Phrase,μιας συνταγης,3
Phrase,προσπαθω περασω,3
Phrase,χωρις φπα,3
Phrase,κωδικο προσβασης,3
Phrase,πως εκτυπωσω,3
Phrase,μολις εκανα,3
Phrase,εκανα εγγραφη,3
Phrase,εχει ληξει,3
Phrase,reset password,3
Phrase,συνταγη ενω,3
Phrase,ποτε ληγει,3
Phrase,κανω αποθηκευση,3
Phrase,βαζω τιμη,3
Phrase,τιμη φπα,3
Phrase,φπα χωρις,3
Phrase,ξανα κανω,3
Phrase,add recipes,3
Phrase,recipes menu,3
Phrase,already registered,3
Phrase,του προγραμματος,3
Phrase,υλικα συνταγη,3
Phrase,μπορουμε κανουμε,3
Phrase,add new,3
Phrase,λιστα συνταγων,3
Phrase,ξεχασει κωδικο,3
Phrase,εχουν αλλαξει,3
Phrase,καθε φορα,3
Phrase,ρωτησω σχετικα,3
Phrase,trying register,3
Phrase,πεταει εξω,3
Phrase,email πως,3
Phrase,υπαρχει τροπος,3
Phrase,πως αποθηκευσω,3
